RetailCatLinkSid,DataextrctSid,RetailDeptNm,RetailCatNm,RetailSegmentNm,RetailSubSegmentNm,CatProfileNm,ChangeInd,JobExecSid
814,7,GROCERY,"SOUPS: RTS, MIXES, BROTHS, BOUILLONS, STOCKS & DRY",RTS,ASEPTIC,SEGMENT/BRAND,"I  ",8315
101,7,DAIRY/PERISHABLE,"DIPS & SALSAS",TOMATO,,BRAND/SEGMENT,"I  ",8315
461,7,DAIRY/PERISHABLE,"NON-DAIRY BEVERAGES","32 OUNCES OR LESS",COCONUT,SEGMENT/BRAND,"I  ",8315
713,7,GROCERY,"DIPS & SALSAS",RTU-DIPS,BEAN,SEGMENT/BRAND,"I  ",8315
362,7,GROCERY,"SALTY SNACKS: RTE (NON GUSSETED BAG)",OTHER,,BRAND/SEGMENT,"I  ",8315
446,7,DAIRY/PERISHABLE,DESSERTS,"READY TO SERVE",COOKIES,SEGMENT/BRAND,"I  ",8315
652,7,GROCERY,"CANNED MEATS, STEWS & SEAFOOD","FISH COCKTAIL",CAN,SEGMENT/BRAND,"I  ",8315
162,7,FROZEN,DESSERTS,"COOKIES - BROWNIES",,BRAND/SEGMENT,"I  ",8315
183,7,FROZEN,VEGETABLES,POTATO,,SEGMENT/BRAND,"I  ",8315
360,7,GROCERY,"SALAD DRESSINGS",POURABLE,,SEGMENT/BRAND,"I  ",8315
631,7,GROCERY,"BULK: TRAIL MIXES/MIXES/SALTY SNACKS",NUTS,"IN SHELL",SEGMENT/BRAND,"I  ",8315
421,7,"GROCERY/NON FOOD","PET SUPPLIES & SUPPLEMENTS","CLEAN UP",,BRAND/SEGMENT,"I  ",8315
486,7,DAIRY/PERISHABLE,"YOGURT AND CULTURED BEVERAGES","KIDS AND BABY","M/P YOGURT DRINK",SEGMENT/BRAND,"I  ",8315
732,7,GROCERY,GRAINS,NON-INSTANT,BAGS,BRAND/SEGMENT,"I  ",8315
772,7,GROCERY,"NUT BUTTERS & SPREADS",PEANUT,POWDERED,SEGMENT/BRAND,"I  ",8315
692,7,GROCERY,"COCKTAIL/DRINK MIXERS & ADDITIVES",ADDITIVES,"CREAM OF COCONUT",SEGMENT/BRAND,"I  ",8315
427,7,"GROCERY/NON FOOD","PET SUPPLIES & SUPPLEMENTS",KENNELS/CRATES,,BRAND/SEGMENT,"I  ",8315
734,7,GROCERY,GRAINS,NON-INSTANT,"GUSSETS, CELLOS/STAND-UPS",BRAND/SEGMENT,"I  ",8315
875,7,"GROCERY/NON FOOD","TRASH, FOOD STORAGE & WRAPS","FOOD STORAGE",CONTAINERS,SEGMENT/BRAND,"I  ",8315
467,7,DAIRY/PERISHABLE,"NON-DAIRY BEVERAGES","64 OUNCES OR LESS",OTHER,SEGMENT/BRAND,"I  ",8315
791,7,GROCERY,"PRE-PACKAGED SNACKS: NUTS, DRIED FRUIT, TRAIL MIX","TRAIL MIX/CLUSTERS",CLUSTERS,BRAND/SEGMENT,"I  ",8315
711,7,GROCERY,"CRACKERS & CRISPBREADS","NON CRISPBREADS","NON RICE",BRAND/SEGMENT,"I  ",8315
507,7,FROZEN,"ICE CREAM, GELATO, NOVELTIES, SORBET, NONDAIRY",DAIRY/FRUIT,"QUART STYLE",BRAND/SEGMENT,"I  ",8315
831,7,GROCERY,"SWEETENERS: DRY & LIQUID","SUGAR ALTERNATIVES",OTHER,SEGMENT/BRAND,"I  ",8315
122,7,DAIRY/PERISHABLE,"MILK AND CREAM","MILK QUARTS",,SEGMENT/BRAND,"I  ",8315
97,7,DAIRY/PERISHABLE,"DIPS & SALSAS",FISH,,BRAND/SEGMENT,"I  ",8315
476,7,DAIRY/PERISHABLE,"YOGURT AND CULTURED BEVERAGES","CULTURED BEVERAGE","M/P YOGURT DRINK",SEGMENT/BRAND,"I  ",8315
326,7,GROCERY,"OILS: NON-OLIVE","OILS 14-22 OZ",,SEGMENT/BRAND,"I  ",8315
141,7,FROZEN,BEVERAGES,"THAW & SERVE",,SEGMENT/BRAND,"I  ",8315
703,7,GROCERY,"COCKTAIL/DRINK MIXERS & ADDITIVES",MIXERS,RTU-MARTINI,SEGMENT/BRAND,"I  ",8315
488,7,DAIRY/PERISHABLE,"YOGURT AND CULTURED BEVERAGES","NON DAIRY GREEK YOGURT","MULTI PACK",SEGMENT/BRAND,"I  ",8315
530,7,GROCERY,ASIAN,"COOKING INGREDIENTS",VEGETABLE,SEGMENT/BRAND,"I  ",8315
202,7,GROCERY,"BAKING & CAKE DECORATING","FROSTING & ICING",,SEGMENT/BRAND,"I  ",8315
448,7,DAIRY/PERISHABLE,DESSERTS,"READY TO SERVE",MOCHI,SEGMENT/BRAND,"I  ",8315
774,7,GROCERY,"NUTRITIONAL BARS AND ENERGY GELS/CHEWS",BARS,PROTEIN,SEGMENT/BRAND,"I  ",8315
854,7,"GROCERY/NON FOOD","BATTERIES, LIGHT BULBS, BBQ SUPPLIES",BATTERIES-OTHER,"ALL PURPOSE",SEGMENT/BRAND,"I  ",8315
835,7,GROCERY,"SWEETENERS: DRY & LIQUID","SUGAR SUBSTITUTE",SPLENDA,SEGMENT/BRAND,"I  ",8315
284,7,GROCERY,"GRAIN CAKES","STACKED: POP",,SEGMENT/BRAND,"I  ",8315
795,7,GROCERY,"SALTY SNACKS: RTE (NON GUSSETED BAG)",CHIP,MULTIGRAIN,BRAND/SEGMENT,"I  ",8315
856,7,"GROCERY/NON FOOD","BATTERIES, LIGHT BULBS, BBQ SUPPLIES",BATTERIES-OTHER,MEDICAL,SEGMENT/BRAND,"I  ",8315
585,7,GROCERY,"BAKING & CAKE DECORATING","MIXES: GELATIN, MOUSSE, PUDDING, OTHER",OTHER,SEGMENT/BRAND,"I  ",8315
387,7,GROCERY,"SPECIALTY TEA, NON RTD",WHITE,,BRAND/SEGMENT,"I  ",8315
469,7,DAIRY/PERISHABLE,"NON-DAIRY BEVERAGES","64 OUNCES OR LESS",SOY,SEGMENT/BRAND,"I  ",8315
265,7,GROCERY,COFFEE,OTHER,,BRAND/SEGMENT,"I  ",8315
701,7,GROCERY,"COCKTAIL/DRINK MIXERS & ADDITIVES",MIXERS,RTU-CLASSIC,SEGMENT/BRAND,"I  ",8315
549,7,GROCERY,"BABY FOOD",JAR,"STAGE 3",SEGMENT/BRAND,"I  ",8315
366,7,GROCERY,"SALTY SNACKS: RTE (NON GUSSETED BAG)","STICKS-NON PRETZEL",,BRAND/SEGMENT,"I  ",8315
753,7,GROCERY,INDIAN,SAUCES,COOKING,SEGMENT/BRAND,"I  ",8315
812,7,GROCERY,"SOUPS: RTS, MIXES, BROTHS, BOUILLONS, STOCKS & DRY",RAMEN,CUP,SEGMENT/BRAND,"I  ",8315
627,7,GROCERY,"BEVERAGES: WATER, SPARKLING, & STILL",NON-ENHANCED,"SINGLE SERVE: NON SPARKLING",SEGMENT/BRAND,"I  ",8315
150,7,FROZEN,"BREAD & BAKED GOODS","PIZZA CRUST",,SEGMENT/BRAND,"I  ",8315
568,7,GROCERY,"BAKING & CAKE DECORATING","FLOUR & MEALS",FLOUR,SEGMENT/BRAND,"I  ",8315
177,7,FROZEN,"MEAT ALTERNATIVES",OTHER,,BRAND/SEGMENT,"I  ",8315
95,7,DAIRY/PERISHABLE,"DIPS & SALSAS",DAIRY,,BRAND/SEGMENT,"I  ",8315
116,7,DAIRY/PERISHABLE,"MEAT ALTERNATIVES","HOT DOG ALTERNATIVE",,SEGMENT/BRAND,"I  ",8315
589,7,GROCERY,"BAKING & CAKE DECORATING","MIXES:BREAD, MUFFIN, SCONE, BISCUIT",MUFFIN,SEGMENT/BRAND,"I  ",8315
118,7,DAIRY/PERISHABLE,"MEAT ALTERNATIVES","SAUSAGE ALTERNATIVE",,SEGMENT/BRAND,"I  ",8315
337,7,GROCERY,"PICKLES, PEPPERS, RELISH, MARINATED & PICKLED SPECIALTIES",RELISH,,SEGMENT/BRAND,"I  ",8315
223,7,GROCERY,"BREAKFAST BARS AND SNACK BARS",BARS,,SEGMENT/BRAND,"I  ",8315
665,7,GROCERY,"CEREALS: COLD",GRANOLA,BAG,BRAND/SEGMENT,"I  ",8315
785,7,GROCERY,"PRE-PACKAGED SNACKS: NUTS, DRIED FRUIT, TRAIL MIX","DRIED FRUIT & VEGETABLES","SEA VEGETABLES",BRAND/SEGMENT,"I  ",8315
364,7,GROCERY,"SALTY SNACKS: RTE (NON GUSSETED BAG)",PRETZEL,,BRAND/SEGMENT,"I  ",8315
139,7,FROZEN,BEVERAGES,OTHER,,SEGMENT/BRAND,"I  ",8315
852,7,GROCERY,"VINEGARS & COOKING WINES",VINEGAR,WHITE,SEGMENT/BRAND,"I  ",8315
120,7,DAIRY/PERISHABLE,"MILK AND CREAM","MILK GALLONS",,SEGMENT/BRAND,"I  ",8315
526,7,GROCERY,ASIAN,"COOKING INGREDIENTS",PROTEIN,SEGMENT/BRAND,"I  ",8315
730,7,GROCERY,GRAINS,INSTANT,CUPS,BRAND/SEGMENT,"I  ",8315
751,7,GROCERY,INDIAN,PASTES,INGREDIENT,SEGMENT/BRAND,"I  ",8315
158,7,FROZEN,BREAKFAST,"OATMEAL & CUPS",,SEGMENT/BRAND,"I  ",8315
152,7,FROZEN,BREAKFAST,"BLINTZES & CREPES",,SEGMENT/BRAND,"I  ",8315
303,7,GROCERY,INDIAN,RELISH,,SEGMENT/BRAND,"I  ",8315
787,7,GROCERY,"PRE-PACKAGED SNACKS: NUTS, DRIED FRUIT, TRAIL MIX","NUTS & SEEDS",BLENDS,BRAND/SEGMENT,"I  ",8315
591,7,GROCERY,"BAKING & CAKE DECORATING","MIXES:BREAD, MUFFIN, SCONE, BISCUIT",SCONE,SEGMENT/BRAND,"I  ",8315
358,7,GROCERY,"PRESERVES & FRUIT SPREADS",TUBS,,BRAND/SEGMENT,"I  ",8315
367,7,GROCERY,"SALTY SNACKS: RTE (NON GUSSETED BAG)",TORTILLA,,BRAND/SEGMENT,"I  ",8315
301,7,GROCERY,INDIAN,PAPPADUMS,,SEGMENT/BRAND,"I  ",8315
181,7,FROZEN,PIZZA,"SINGLE SERVE",,BRAND/SEGMENT,"I  ",8315
825,7,GROCERY,"SWEETENERS: DRY & LIQUID",SUGAR,CUBE,SEGMENT/BRAND,"I  ",8315
608,7,GROCERY,"BEVERAGES: NONDAIRY NUT, HEMP, RICE, SOY","MULTI SERVE",RICE,SEGMENT/BRAND,"I  ",8315
509,7,FROZEN,"ICE CREAM, GELATO, NOVELTIES, SORBET, NONDAIRY","NON DAIRY","PINT STYLE",BRAND/SEGMENT,"I  ",8315
848,7,GROCERY,"VINEGARS & COOKING WINES",VINEGAR,CIDER,SEGMENT/BRAND,"I  ",8315
562,7,GROCERY,"BAKING & CAKE DECORATING","CAKE DECORATING",NUMBERS,SEGMENT/BRAND,"I  ",8315
570,7,GROCERY,"BAKING & CAKE DECORATING","FLOUR & MEALS",MEAL,SEGMENT/BRAND,"I  ",8315
749,7,GROCERY,INDIAN,"MEALS: SHELF STABLE",STARTER,SEGMENT/BRAND,"I  ",8315
444,7,DAIRY/PERISHABLE,DESSERTS,"READY TO BAKE",MOCHI,SEGMENT/BRAND,"I  ",8315
179,7,FROZEN,"MEAT ALTERNATIVES",ROAST,,BRAND/SEGMENT,"I  ",8315
833,7,GROCERY,"SWEETENERS: DRY & LIQUID","SUGAR SUBSTITUTE",OTHER,SEGMENT/BRAND,"I  ",8315
709,7,GROCERY,"CRACKERS & CRISPBREADS",CRISPBREADS,"NON RICE",BRAND/SEGMENT,"I  ",8315
625,7,GROCERY,"BEVERAGES: WATER, SPARKLING, & STILL",NON-ENHANCED,"MULTI SERVE: NON SPARKLING",SEGMENT/BRAND,"I  ",8315
528,7,GROCERY,ASIAN,"COOKING INGREDIENTS","SOUP BASE",SEGMENT/BRAND,"I  ",8315
827,7,GROCERY,"SWEETENERS: DRY & LIQUID",SUGAR,LIQUID,SEGMENT/BRAND,"I  ",8315
629,7,GROCERY,"BULK: TRAIL MIXES/MIXES/SALTY SNACKS",FRUIT,SULFURED,SEGMENT/BRAND,"I  ",8315
211,7,GROCERY,"BATTERS & COATINGS",MIXTURES,,SEGMENT/BRAND,"I  ",8315
324,7,GROCERY,"OILS: NON-OLIVE",LARD/SHORTENING,,SEGMENT/BRAND,"I  ",8315
793,7,GROCERY,"SALTY SNACKS: RTE (NON GUSSETED BAG)",CHIP,CORN,BRAND/SEGMENT,"I  ",8315
671,7,GROCERY,"CEREALS: COLD",O'S,BAG,BRAND/SEGMENT,"I  ",8315
850,7,GROCERY,"VINEGARS & COOKING WINES",VINEGAR,OTHER,SEGMENT/BRAND,"I  ",8315
680,7,GROCERY,"CEREALS: HOT",CREAM,INSTANT,BRAND/SEGMENT,"I  ",8315
310,7,GROCERY,"MILK: CANNED, CONDENSED, ASEPTIC",POWDERED,,SEGMENT/BRAND,"I  ",8315
768,7,GROCERY,"NON-DAIRY BEVERAGES","SINGLE SERVE",COCONUT,SEGMENT/BRAND,"I  ",8315
442,7,DAIRY/PERISHABLE,DESSERTS,"READY TO BAKE",BROWNIES,SEGMENT/BRAND,"I  ",8315
49,7,GROCERY,"FRUITS: CANNED, GLASS",,,BRAND/SEGMENT,"I  ",8315
238,7,GROCERY,"CANNED MEATS, STEWS & SEAFOOD",MEAT,,SEGMENT/BRAND,"I  ",8315
829,7,GROCERY,"SWEETENERS: DRY & LIQUID",SUGAR,POWDERED,SEGMENT/BRAND,"I  ",8315
499,7,FROZEN,FRUITS,BERRY,SINGLE,BRAND/SEGMENT,"I  ",8315
520,7,GROCERY,ASIAN,"COOKING INGREDIENTS","COCONUT MILK",SEGMENT/BRAND,"I  ",8315
610,7,GROCERY,"BEVERAGES: NONDAIRY NUT, HEMP, RICE, SOY","SINGLE SERVE",HEMP,SEGMENT/BRAND,"I  ",8315
846,7,GROCERY,TORTILLAS,SOFT,WHEAT,BRAND/SEGMENT,"I  ",8315
354,7,GROCERY,"PREPARED SAUCE: BBQ, MARINADES, STEAK, WING, HOT, SEAFOOD, SPECIALTY",WING,,SEGMENT/BRAND,"I  ",8315
564,7,GROCERY,"BAKING & CAKE DECORATING",CHOCOLATE,BARS,SEGMENT/BRAND,"I  ",8315
770,7,GROCERY,"NON-DAIRY BEVERAGES","SINGLE SERVE",SOY,SEGMENT/BRAND,"I  ",8315
560,7,GROCERY,"BAKING & CAKE DECORATING","CAKE DECORATING",FROSTING,SEGMENT/BRAND,"I  ",8315
871,7,"GROCERY/NON FOOD","PET FOOD & TREATS","DOG FOOD",DRY,SEGMENT/BRAND,"I  ",8315
558,7,GROCERY,"BABY FOOD",TUB,TODDLER,SEGMENT/BRAND,"I  ",8315
606,7,GROCERY,"BEVERAGES: NONDAIRY NUT, HEMP, RICE, SOY","MULTI SERVE",HEMP,SEGMENT/BRAND,"I  ",8315
200,7,GROCERY,"BAKING & CAKE DECORATING",FILLINGS,,SEGMENT/BRAND,"I  ",8315
583,7,GROCERY,"BAKING & CAKE DECORATING","MIXES: GELATIN, MOUSSE, PUDDING, OTHER",GELATIN,SEGMENT/BRAND,"I  ",8315
472,7,DAIRY/PERISHABLE,"NON-DAIRY BEVERAGES","SINGLE SERVE - 20 OUNCES OR LESS",OTHER,SEGMENT/BRAND,"I  ",8315
707,7,GROCERY,"COCOA/MILK FLAVORINGS","POWDER MIX/TABLET",REGULAR,BRAND/SEGMENT,"I  ",8315
623,7,GROCERY,"BEVERAGES: WATER, SPARKLING, & STILL",NON-ENHANCED,"MULTI PACK: NON SPARKLING",SEGMENT/BRAND,"I  ",8315
650,7,GROCERY,CANDY,"SOFT CANDY (NON-CHOCOLATE)",OTHER,SEGMENT/BRAND,"I  ",8315
684,7,GROCERY,"CEREALS: HOT",GRITS,INSTANT,BRAND/SEGMENT,"I  ",8315
712,7,GROCERY,"CRACKERS & CRISPBREADS","NON CRISPBREADS",RICE,BRAND/SEGMENT,"I  ",8315
137,7,FROZEN,BEVERAGES,BLENDER,,SEGMENT/BRAND,"I  ",8315
219,7,GROCERY,"BEVERAGES: SINGLE SERVE",SODA,,BRAND/SEGMENT,"I  ",8315
741,7,GROCERY,"ICE CREAM TOPPINGS",CONES,CAKE,SEGMENT/BRAND,"I  ",8315
705,7,GROCERY,"COCKTAIL/DRINK MIXERS & ADDITIVES",MIXERS,RTU-TROPICAL,SEGMENT/BRAND,"I  ",8315
263,7,GROCERY,COFFEE,CAN,,BRAND/SEGMENT,"I  ",8315
297,7,GROCERY,INDIAN,DAL,,SEGMENT/BRAND,"I  ",8315
598,7,GROCERY,"BEVERAGES: JUICE","NON APPLE","MULTI FRUIT",SEGMENT/BRAND,"I  ",8315
402,7,"GROCERY/NON FOOD","BATTERIES, LIGHT BULBS, BBQ SUPPLIES","BATTERIES-NON RECHARGEABLE",,SEGMENT/BRAND,"I  ",8315
865,7,"GROCERY/NON FOOD","BATTERIES, LIGHT BULBS, BBQ SUPPLIES","LIGHT BULBS-INCANDESCENT",GENERAL,SEGMENT/BRAND,"I  ",8315
810,7,GROCERY,"SOUPS: RTS, MIXES, BROTHS, BOUILLONS, STOCKS & DRY",MIXES,POUCH/PACKET/BAG,SEGMENT/BRAND,"I  ",8315
339,7,GROCERY,"POTATOES - DRY",MASHED-INSTANT,,SEGMENT/BRAND,"I  ",8315
690,7,GROCERY,"CEREALS: HOT",OATMEAL,STEEL,BRAND/SEGMENT,"I  ",8315
728,7,GROCERY,GRAINS,INSTANT,BAGS,BRAND/SEGMENT,"I  ",8315
821,7,GROCERY,"SPECIALTY TEA, NON RTD",GREEN,CHAI,BRAND/SEGMENT,"I  ",8315
425,7,"GROCERY/NON FOOD","PET SUPPLIES & SUPPLEMENTS",FLEA/TICK,,BRAND/SEGMENT,"I  ",8315
312,7,GROCERY,MUSTARDS,DRY,,BRAND/SEGMENT,"I  ",8315
547,7,GROCERY,"BABY FOOD",JAR,"STAGE 1",SEGMENT/BRAND,"I  ",8315
100,7,DAIRY/PERISHABLE,"DIPS & SALSAS",OTHER,,BRAND/SEGMENT,"I  ",8315
505,7,FROZEN,"ICE CREAM, GELATO, NOVELTIES, SORBET, NONDAIRY",DAIRY/FRUIT,OTHER,BRAND/SEGMENT,"I  ",8315
160,7,FROZEN,BREAKFAST,WAFFLES,,SEGMENT/BRAND,"I  ",8315
404,7,"GROCERY/NON FOOD","BATTERIES, LIGHT BULBS, BBQ SUPPLIES",BATTERIES-RECHARGEABLE,,SEGMENT/BRAND,"I  ",8315
867,7,"GROCERY/NON FOOD","BATTERIES, LIGHT BULBS, BBQ SUPPLIES","LIGHT BULBS-INCANDESCENT",UTILITY,SEGMENT/BRAND,"I  ",8315
537,7,GROCERY,ASIAN,SNACKS,SWEET,SEGMENT/BRAND,"I  ",8315
327,7,GROCERY,"OILS: NON-OLIVE","OILS 23+ OZ",,SEGMENT/BRAND,"I  ",8315
91,7,DAIRY/PERISHABLE,"CHEESE ALTERNATIVES",SOFT/SPREADABLE,,SEGMENT/BRAND,"I  ",8315
114,7,DAIRY/PERISHABLE,"MEAT ALTERNATIVES","DELI/SLICE ALTERNATIVE",,SEGMENT/BRAND,"I  ",8315
527,7,GROCERY,ASIAN,"COOKING INGREDIENTS",SEASONING,SEGMENT/BRAND,"I  ",8315
154,7,FROZEN,BREAKFAST,"ENTREES: OMELETS",,SEGMENT/BRAND,"I  ",8315
556,7,GROCERY,"BABY FOOD",TUB,"STAGE 2",SEGMENT/BRAND,"I  ",8315
722,7,GROCERY,"ENTREES & MIXES, MAC & CHEESE",CAN,CHILI,BRAND/SEGMENT,"I  ",8315
764,7,GROCERY,"NON-DAIRY BEVERAGES","MULTI-SERVE (APPROX 64 OZ)",OTHER,SEGMENT/BRAND,"I  ",8315
873,7,"GROCERY/NON FOOD","PET FOOD & TREATS","DOG FOOD",WET,SEGMENT/BRAND,"I  ",8315
415,7,"GROCERY/NON FOOD","PET FOOD & TREATS",FISH/REPTILE,,SEGMENT/BRAND,"I  ",8315
636,7,GROCERY,"BULK: TRAIL MIXES/MIXES/SALTY SNACKS",VEGETABLE,UNSULFURED,SEGMENT/BRAND,"I  ",8315
350,7,GROCERY,"PREPARED SAUCE: BBQ, MARINADES, STEAK, WING, HOT, SEAFOOD, SPECIALTY",MARINADE,,SEGMENT/BRAND,"I  ",8315
423,7,"GROCERY/NON FOOD","PET SUPPLIES & SUPPLEMENTS",FEEDING,,BRAND/SEGMENT,"I  ",8315
621,7,GROCERY,"BEVERAGES: WATER, SPARKLING, & STILL","FUNCTIONALLY ENHANCED","SINGLE SERVE: NON SPARKLING",SEGMENT/BRAND,"I  ",8315
823,7,GROCERY,"SPECIALTY TEA, NON RTD",HERBAL,"NON YERBA MATE",BRAND/SEGMENT,"I  ",8315
794,7,GROCERY,"SALTY SNACKS: RTE (NON GUSSETED BAG)",CHIP,LEGUME,BRAND/SEGMENT,"I  ",8315
524,7,GROCERY,ASIAN,"COOKING INGREDIENTS",OIL,SEGMENT/BRAND,"I  ",8315
669,7,GROCERY,"CEREALS: COLD",MUESLI,BOX,BRAND/SEGMENT,"I  ",8315
480,7,DAIRY/PERISHABLE,"YOGURT AND CULTURED BEVERAGES","CULTURED BEVERAGE","S/S YOGURT DRINK",SEGMENT/BRAND,"I  ",8315
594,7,GROCERY,"BATTERS & COATINGS",BREADCRUMBS,"GF PANKO",SEGMENT/BRAND,"I  ",8315
543,7,GROCERY,"BABY FOOD",CUP,"STAGE 2",SEGMENT/BRAND,"I  ",8315
335,7,GROCERY,"PICKLES, PEPPERS, RELISH, MARINATED & PICKLED SPECIALTIES",PICKLE,,SEGMENT/BRAND,"I  ",8315
99,7,DAIRY/PERISHABLE,"DIPS & SALSAS",LEGUME,,BRAND/SEGMENT,"I  ",8315
724,7,GROCERY,"ENTREES & MIXES, MAC & CHEESE",OTHER,CHILI,BRAND/SEGMENT,"I  ",8315
277,7,GROCERY,"DIPS & SALSAS",DRY,,SEGMENT/BRAND,"I  ",8315
667,7,GROCERY,"CEREALS: COLD",GRANOLA,CUP,BRAND/SEGMENT,"I  ",8315
659,7,GROCERY,"CEREALS: COLD",CLUSTERS/NUGGETS,BAG,BRAND/SEGMENT,"I  ",8315
462,7,DAIRY/PERISHABLE,"NON-DAIRY BEVERAGES","32 OUNCES OR LESS",OTHER,SEGMENT/BRAND,"I  ",8315
501,7,FROZEN,FRUITS,"PITTED (NON-BERRY)",SINGLE,BRAND/SEGMENT,"I  ",8315
465,7,DAIRY/PERISHABLE,"NON-DAIRY BEVERAGES","64 OUNCES OR LESS",ALMOND,SEGMENT/BRAND,"I  ",8315
743,7,GROCERY,"ICE CREAM TOPPINGS",CONES,WAFFLE,SEGMENT/BRAND,"I  ",8315
455,7,DAIRY/PERISHABLE,"NON-DAIRY BEVERAGES","128 OUNCES OR LESS",COCONUT,SEGMENT/BRAND,"I  ",8315
522,7,GROCERY,ASIAN,"COOKING INGREDIENTS",MARINADE/SAUCE,SEGMENT/BRAND,"I  ",8315
844,7,GROCERY,TORTILLAS,SOFT,CORN,BRAND/SEGMENT,"I  ",8315
646,7,GROCERY,CANDY,"HARD CANDY (NON-CHOCOLATE)","PASTILLES NON BREATH MINT",SEGMENT/BRAND,"I  ",8315
726,7,GROCERY,"ENTREES & MIXES, MAC & CHEESE",OTHER,MEAL-HELPERS,BRAND/SEGMENT,"I  ",8315
686,7,GROCERY,"CEREALS: HOT",OATMEAL,INSTANT,BRAND/SEGMENT,"I  ",8315
400,7,"GROCERY/NON FOOD","BABY PRODUCTS",FEEDING,,SEGMENT/BRAND,"I  ",8315
453,7,DAIRY/PERISHABLE,"MEAT ALTERNATIVES","GROUNDS/CRUMBLES ALTERNATIVE",TEMPEH,SEGMENT/BRAND,"I  ",8315
261,7,GROCERY,COFFEE,BAG,,BRAND/SEGMENT,"I  ",8315
737,7,GROCERY,"HONEY & SYRUPS","SYRUP: TABLE","MAPLE FLAVORED",SEGMENT/BRAND,"I  ",8315
379,7,GROCERY,"SOUPS: RTS, MIXES, BROTHS, BOUILLONS, STOCKS & DRY",CUP-DRY,,SEGMENT/BRAND,"I  ",8315
466,7,DAIRY/PERISHABLE,"NON-DAIRY BEVERAGES","64 OUNCES OR LESS",COCONUT,SEGMENT/BRAND,"I  ",8315
108,7,DAIRY/PERISHABLE,"MACROBIOTIC FOODS/TOFU/MISO",SEITAN,,SEGMENT/BRAND,"I  ",8315
76,7,GROCERY,"VEGETABLES: CANNED, GLASS",,,BRAND/SEGMENT,"I  ",8315
587,7,GROCERY,"BAKING & CAKE DECORATING","MIXES:BREAD, MUFFIN, SCONE, BISCUIT",BISCUIT,SEGMENT/BRAND,"I  ",8315
539,7,GROCERY,"BABY FOOD",BOX,"STAGE 2",SEGMENT/BRAND,"I  ",8315
802,7,GROCERY,"SOUPS: RTS, MIXES, BROTHS, BOUILLONS, STOCKS & DRY",BOUILLON,BASE,SEGMENT/BRAND,"I  ",8315
876,7,"GROCERY/NON FOOD","TRASH, FOOD STORAGE & WRAPS",WRAPS,FOIL,SEGMENT/BRAND,"I  ",8315
417,7,"GROCERY/NON FOOD","PET FOOD & TREATS","SMALL ANIMAL- NON DOG OR CAT",,SEGMENT/BRAND,"I  ",8315
419,7,"GROCERY/NON FOOD","PET SUPPLIES & SUPPLEMENTS","BEDS & POSTS",,BRAND/SEGMENT,"I  ",8315
588,7,GROCERY,"BAKING & CAKE DECORATING","MIXES:BREAD, MUFFIN, SCONE, BISCUIT",BREAD,SEGMENT/BRAND,"I  ",8315
596,7,GROCERY,"BATTERS & COATINGS",BREADCRUMBS,PANKO,SEGMENT/BRAND,"I  ",8315
409,7,"GROCERY/NON FOOD","BATTERIES, LIGHT BULBS, BBQ SUPPLIES","LIGHT BULBS-LED",,SEGMENT/BRAND,"I  ",8315
619,7,GROCERY,"BEVERAGES: WATER, SPARKLING, & STILL","FUNCTIONALLY ENHANCED","MULTI SERVE: NON SPARKLING",SEGMENT/BRAND,"I  ",8315
478,7,DAIRY/PERISHABLE,"YOGURT AND CULTURED BEVERAGES","CULTURED BEVERAGE","M/S YOGURT DRINK",SEGMENT/BRAND,"I  ",8315
463,7,DAIRY/PERISHABLE,"NON-DAIRY BEVERAGES","32 OUNCES OR LESS",RICE,SEGMENT/BRAND,"I  ",8315
554,7,GROCERY,"BABY FOOD",POUCH,TODDLER,SEGMENT/BRAND,"I  ",8315
20,7,FROZEN,ENTREES,,,BRAND/SEGMENT,"I  ",8315
716,7,GROCERY,"DIPS & SALSAS",RTU-DIPS,QUESO,SEGMENT/BRAND,"I  ",8315
545,7,GROCERY,"BABY FOOD",CUP,TODDLER,SEGMENT/BRAND,"I  ",8315
190,7,GROCERY,"BABY FOOD","BEVERAGES-NON FORMULA",,SEGMENT/BRAND,"I  ",8315
474,7,DAIRY/PERISHABLE,"NON-DAIRY BEVERAGES","SINGLE SERVE - 20 OUNCES OR LESS",SOY,SEGMENT/BRAND,"I  ",8315
508,7,FROZEN,"ICE CREAM, GELATO, NOVELTIES, SORBET, NONDAIRY","NON DAIRY",NOVELTIES,BRAND/SEGMENT,"I  ",8315
503,7,FROZEN,"ICE CREAM, GELATO, NOVELTIES, SORBET, NONDAIRY",DAIRY/FRUIT,"HALF GALLON STYLE",BRAND/SEGMENT,"I  ",8315
688,7,GROCERY,"CEREALS: HOT",OATMEAL,QUICK/ROLLED,BRAND/SEGMENT,"I  ",8315
642,7,GROCERY,CANDY,CHOCOLATE,NOVELTY,SEGMENT/BRAND,"I  ",8315
653,7,GROCERY,"CANNED MEATS, STEWS & SEAFOOD","FISH COCKTAIL",GLASS,SEGMENT/BRAND,"I  ",8315
861,7,"GROCERY/NON FOOD","BATTERIES, LIGHT BULBS, BBQ SUPPLIES",BBQ,LIGHTERS,SEGMENT/BRAND,"I  ",8315
640,7,GROCERY,CANDY,CHOCOLATE,ENROBED,SEGMENT/BRAND,"I  ",8315
299,7,GROCERY,INDIAN,GHEE,,SEGMENT/BRAND,"I  ",8315
375,7,GROCERY,"SEASONINGS & SPICES",SEASONINGS,,BRAND/SEGMENT,"I  ",8315
700,7,GROCERY,"COCKTAIL/DRINK MIXERS & ADDITIVES",MIXERS,"RTU-BLOODY MARY",SEGMENT/BRAND,"I  ",8315
869,7,"GROCERY/NON FOOD","PET FOOD & TREATS","CAT FOOD",TREATS,SEGMENT/BRAND,"I  ",8315
739,7,GROCERY,"HONEY & SYRUPS","SYRUP: TABLE","PURE MAPLE",SEGMENT/BRAND,"I  ",8315
523,7,GROCERY,ASIAN,"COOKING INGREDIENTS",NOODLE,SEGMENT/BRAND,"I  ",8315
720,7,GROCERY,"ENTREES & MIXES, MAC & CHEESE",BOX,MEAL-HELPERS,BRAND/SEGMENT,"I  ",8315
789,7,GROCERY,"PRE-PACKAGED SNACKS: NUTS, DRIED FRUIT, TRAIL MIX","NUTS & SEEDS",NUTS,BRAND/SEGMENT,"I  ",8315
394,7,GROCERY,"TOMATOES & TOMATO PRODUCTS",TUBE,,BRAND/SEGMENT,"I  ",8315
373,7,GROCERY,"SEASONINGS & SPICES",SALT,,BRAND/SEGMENT,"I  ",8315
112,7,DAIRY/PERISHABLE,"MEAT ALTERNATIVES","BREAKFAST ALTERNATIVE",,SEGMENT/BRAND,"I  ",8315
842,7,GROCERY,TORTILLAS,HARD/CRISPY,"TACO SHELLS",BRAND/SEGMENT,"I  ",8315
257,7,GROCERY,"COCOA/MILK FLAVORINGS",COCOA,,BRAND/SEGMENT,"I  ",8315
316,7,GROCERY,MUSTARDS,YELLOW,,BRAND/SEGMENT,"I  ",8315
747,7,GROCERY,"ICE CREAM TOPPINGS",SAUCE,OTHER,SEGMENT/BRAND,"I  ",8315
175,7,FROZEN,"MEAT ALTERNATIVES",MEATBALLS,,BRAND/SEGMENT,"I  ",8315
758,7,GROCERY,"NON-DAIRY BEVERAGES","MULTI-SERVE (APPROX 32 OZ)",COCONUT,SEGMENT/BRAND,"I  ",8315
240,7,GROCERY,"CANNED MEATS, STEWS & SEAFOOD",POULTRY,,SEGMENT/BRAND,"I  ",8315
104,7,DAIRY/PERISHABLE,EGGS,"WHOLE EGG",,SEGMENT/BRAND,"I  ",8315
745,7,GROCERY,"ICE CREAM TOPPINGS",SAUCE,CHOCOLATE,SEGMENT/BRAND,"I  ",8315
628,7,GROCERY,"BEVERAGES: WATER, SPARKLING, & STILL",NON-ENHANCED,"SINGLE SERVE: SPARKLING",SEGMENT/BRAND,"I  ",8315
434,7,"GROCERY/NON FOOD","PET SUPPLIES & SUPPLEMENTS",TRAINING,,BRAND/SEGMENT,"I  ",8315
482,7,DAIRY/PERISHABLE,"YOGURT AND CULTURED BEVERAGES","GREEK YOGURT","MULTI SERVE",SEGMENT/BRAND,"I  ",8315
648,7,GROCERY,CANDY,"SOFT CANDY (NON-CHOCOLATE)",LICORICE,SEGMENT/BRAND,"I  ",8315
577,7,GROCERY,"BAKING & CAKE DECORATING",INGREDIENTS,YEAST,SEGMENT/BRAND,"I  ",8315
699,7,GROCERY,"COCKTAIL/DRINK MIXERS & ADDITIVES",MIXERS,DRY,SEGMENT/BRAND,"I  ",8315
563,7,GROCERY,"BAKING & CAKE DECORATING","CAKE DECORATING",TOPPINGS,SEGMENT/BRAND,"I  ",8315
733,7,GROCERY,GRAINS,NON-INSTANT,BOXES,BRAND/SEGMENT,"I  ",8315
806,7,GROCERY,"SOUPS: RTS, MIXES, BROTHS, BOUILLONS, STOCKS & DRY","BROTHS & STOCKS",BROTH,SEGMENT/BRAND,"I  ",8315
771,7,GROCERY,"NUT BUTTERS & SPREADS",PEANUT,NON-POWDERED,SEGMENT/BRAND,"I  ",8315
451,7,DAIRY/PERISHABLE,"MEAT ALTERNATIVES","GROUNDS/CRUMBLES ALTERNATIVE",OTHER,SEGMENT/BRAND,"I  ",8315
487,7,DAIRY/PERISHABLE,"YOGURT AND CULTURED BEVERAGES","KIDS AND BABY","S/S YOGURT DRINK",SEGMENT/BRAND,"I  ",8315
333,7,GROCERY,"OILS: OLIVE",GALLON/TIN,,SEGMENT/BRAND,"I  ",8315
274,7,GROCERY,COOKIES,WAFER,,BRAND/SEGMENT,"I  ",8315
329,7,GROCERY,"OILS: NON-OLIVE",SPRAYS,,SEGMENT/BRAND,"I  ",8315
784,7,GROCERY,"PRE-PACKAGED SNACKS: NUTS, DRIED FRUIT, TRAIL MIX","DRIED FRUIT & VEGETABLES",FRUIT,BRAND/SEGMENT,"I  ",8315
590,7,GROCERY,"BAKING & CAKE DECORATING","MIXES:BREAD, MUFFIN, SCONE, BISCUIT",OTHER,SEGMENT/BRAND,"I  ",8315
634,7,GROCERY,"BULK: TRAIL MIXES/MIXES/SALTY SNACKS","SEA VEGETABLE",UNSULFURED,SEGMENT/BRAND,"I  ",8315
604,7,GROCERY,"BEVERAGES: NONDAIRY NUT, HEMP, RICE, SOY","MULTI SERVE",BLEND,SEGMENT/BRAND,"I  ",8315
308,7,GROCERY,"MILK: CANNED, CONDENSED, ASEPTIC",ASEPTIC,,SEGMENT/BRAND,"I  ",8315
840,7,GROCERY,"TOMATOES & TOMATO PRODUCTS",CAN,">30 0Z+",BRAND/SEGMENT,"I  ",8315
569,7,GROCERY,"BAKING & CAKE DECORATING","FLOUR & MEALS","FLOUR SUBSTITUTE",SEGMENT/BRAND,"I  ",8315
217,7,GROCERY,"BEVERAGES: SINGLE SERVE",DRINK,,BRAND/SEGMENT,"I  ",8315
320,7,GROCERY,"NUT BUTTERS & SPREADS","NON PEANUT",,SEGMENT/BRAND,"I  ",8315
682,7,GROCERY,"CEREALS: HOT",GRAIN,INSTANT,BRAND/SEGMENT,"I  ",8315
775,7,GROCERY,"NUTRITIONAL BARS AND ENERGY GELS/CHEWS",BARS,"WEIGHT CONTROL",SEGMENT/BRAND,"I  ",8315
144,7,FROZEN,"BREAD & BAKED GOODS",BISCUIT,,SEGMENT/BRAND,"I  ",8315
224,7,GROCERY,"BREAKFAST BARS AND SNACK BARS","TOASTER PASTRIES",,SEGMENT/BRAND,"I  ",8315
156,7,FROZEN,BREAKFAST,"ENTREES: SANDWICH",,SEGMENT/BRAND,"I  ",8315
863,7,"GROCERY/NON FOOD","BATTERIES, LIGHT BULBS, BBQ SUPPLIES","LIGHT BULBS - FLUORESCENT",T8,SEGMENT/BRAND,"I  ",8315
860,7,"GROCERY/NON FOOD","BATTERIES, LIGHT BULBS, BBQ SUPPLIES",BBQ,FLUID,SEGMENT/BRAND,"I  ",8315
541,7,GROCERY,"BABY FOOD",BOX,TODDLER,SEGMENT/BRAND,"I  ",8315
207,7,GROCERY,"BAKING & CAKE DECORATING",NUTS,,SEGMENT/BRAND,"I  ",8315
479,7,DAIRY/PERISHABLE,"YOGURT AND CULTURED BEVERAGES","CULTURED BEVERAGE","S/S KEFIR",SEGMENT/BRAND,"I  ",8315
270,7,GROCERY,COOKIES,OTHER,,BRAND/SEGMENT,"I  ",8315
575,7,GROCERY,"BAKING & CAKE DECORATING",INGREDIENTS,SODA,SEGMENT/BRAND,"I  ",8315
87,7,DAIRY/PERISHABLE,"CHEESE ALTERNATIVES",GRATED,,SEGMENT/BRAND,"I  ",8315
760,7,GROCERY,"NON-DAIRY BEVERAGES","MULTI-SERVE (APPROX 32 OZ)",RICE,SEGMENT/BRAND,"I  ",8315
352,7,GROCERY,"PREPARED SAUCE: BBQ, MARINADES, STEAK, WING, HOT, SEAFOOD, SPECIALTY",SPECIALTY,,SEGMENT/BRAND,"I  ",8315
617,7,GROCERY,"BEVERAGES: WATER, SPARKLING, & STILL","FUNCTIONALLY ENHANCED","MULTI PACK: NON SPARKLING",SEGMENT/BRAND,"I  ",8315
459,7,DAIRY/PERISHABLE,"NON-DAIRY BEVERAGES","128 OUNCES OR LESS",SOY,SEGMENT/BRAND,"I  ",8315
762,7,GROCERY,"NON-DAIRY BEVERAGES","MULTI-SERVE (APPROX 64 OZ)",ALMOND,SEGMENT/BRAND,"I  ",8315
766,7,GROCERY,"NON-DAIRY BEVERAGES","MULTI-SERVE (APPROX 64 OZ)",SOY,SEGMENT/BRAND,"I  ",8315
314,7,GROCERY,MUSTARDS,HONEY,,BRAND/SEGMENT,"I  ",8315
512,7,GROCERY,APPLESAUCE,"MULTI SERVE","NON-ORGANIC SWEETENED",BRAND/SEGMENT,"I  ",8315
484,7,DAIRY/PERISHABLE,"YOGURT AND CULTURED BEVERAGES","KIDS AND BABY","M/P KEFIR",SEGMENT/BRAND,"I  ",8315
165,7,FROZEN,DESSERTS,SHELLS,,BRAND/SEGMENT,"I  ",8315
529,7,GROCERY,ASIAN,"COOKING INGREDIENTS","SOY SAUCE",SEGMENT/BRAND,"I  ",8315
113,7,DAIRY/PERISHABLE,"MEAT ALTERNATIVES","BURGER ALTERNATIVE",,SEGMENT/BRAND,"I  ",8315
268,7,GROCERY,COOKIES,BISCUIT,,BRAND/SEGMENT,"I  ",8315
798,7,GROCERY,"SALTY SNACKS: RTE (NON GUSSETED BAG)",CHIP,POTATO,BRAND/SEGMENT,"I  ",8315
566,7,GROCERY,"BAKING & CAKE DECORATING",CHOCOLATE,OTHER,SEGMENT/BRAND,"I  ",8315
756,7,GROCERY,INDIAN,SEASONINGS,SPICE,SEGMENT/BRAND,"I  ",8315
819,7,GROCERY,"SPECIALTY TEA, NON RTD",BLACK,CHAI,BRAND/SEGMENT,"I  ",8315
603,7,GROCERY,"BEVERAGES: NONDAIRY NUT, HEMP, RICE, SOY","MULTI SERVE",ALMOND,SEGMENT/BRAND,"I  ",8315
855,7,"GROCERY/NON FOOD","BATTERIES, LIGHT BULBS, BBQ SUPPLIES",BATTERIES-OTHER,CHARGER,SEGMENT/BRAND,"I  ",8315
630,7,GROCERY,"BULK: TRAIL MIXES/MIXES/SALTY SNACKS",FRUIT,UNSULFURED,SEGMENT/BRAND,"I  ",8315
357,7,GROCERY,"PRESERVES & FRUIT SPREADS",SQUEEZE,,BRAND/SEGMENT,"I  ",8315
430,7,"GROCERY/NON FOOD","PET SUPPLIES & SUPPLEMENTS",OTHER,,BRAND/SEGMENT,"I  ",8315
159,7,FROZEN,BREAKFAST,PANCAKES,,SEGMENT/BRAND,"I  ",8315
148,7,FROZEN,"BREAD & BAKED GOODS",FLATBREADS,,SEGMENT/BRAND,"I  ",8315
579,7,GROCERY,"BAKING & CAKE DECORATING","MIXES: BROWNIE, CAKE, COOKIE, BAR",BROWNIE,SEGMENT/BRAND,"I  ",8315
655,7,GROCERY,"CANNED MEATS, STEWS & SEAFOOD","FISH NON-COCKTAIL",POUCH,SEGMENT/BRAND,"I  ",8315
681,7,GROCERY,"CEREALS: HOT",CREAM,REGULAR,BRAND/SEGMENT,"I  ",8315
140,7,FROZEN,BEVERAGES,SHAKER,,SEGMENT/BRAND,"I  ",8315
786,7,GROCERY,"PRE-PACKAGED SNACKS: NUTS, DRIED FRUIT, TRAIL MIX","DRIED FRUIT & VEGETABLES",VEGETABLES,BRAND/SEGMENT,"I  ",8315
234,7,GROCERY,CANDY,NOVELTIES,,SEGMENT/BRAND,"I  ",8315
714,7,GROCERY,"DIPS & SALSAS",RTU-DIPS,HUMMUS,SEGMENT/BRAND,"I  ",8315
531,7,GROCERY,ASIAN,"COOKING INGREDIENTS","VINEGAR/COOKING WINE",SEGMENT/BRAND,"I  ",8315
567,7,GROCERY,"BAKING & CAKE DECORATING","FLOUR & MEALS",BRAN,SEGMENT/BRAND,"I  ",8315
808,7,GROCERY,"SOUPS: RTS, MIXES, BROTHS, BOUILLONS, STOCKS & DRY",MIXES,BOX,SEGMENT/BRAND,"I  ",8315
440,7,DAIRY/PERISHABLE,"BEVERAGES: JUICES & FUNCTIONAL","SINGLE SERVE",FUNCTIONAL,SEGMENT/BRAND,"I  ",8315
518,7,GROCERY,APPLESAUCE,"SINGLE SERVE","ORGANIC SWEETENED",BRAND/SEGMENT,"I  ",8315
264,7,GROCERY,COFFEE,JAR,,BRAND/SEGMENT,"I  ",8315
449,7,DAIRY/PERISHABLE,DESSERTS,"READY TO SERVE",PUDDING,SEGMENT/BRAND,"I  ",8315
548,7,GROCERY,"BABY FOOD",JAR,"STAGE 2",SEGMENT/BRAND,"I  ",8315
644,7,GROCERY,CANDY,"HARD CANDY (NON-CHOCOLATE)",OTHER,SEGMENT/BRAND,"I  ",8315
777,7,GROCERY,"NUTRITIONAL BARS AND ENERGY GELS/CHEWS","GELS & CHEWS",GELS,SEGMENT/BRAND,"I  ",8315
804,7,GROCERY,"SOUPS: RTS, MIXES, BROTHS, BOUILLONS, STOCKS & DRY",BOUILLON,LIQUID,SEGMENT/BRAND,"I  ",8315
220,7,GROCERY,"BEVERAGES: SINGLE SERVE",TEA,,BRAND/SEGMENT,"I  ",8315
433,7,"GROCERY/NON FOOD","PET SUPPLIES & SUPPLEMENTS",TOY,,BRAND/SEGMENT,"I  ",8315
592,7,GROCERY,"BAKING & CAKE DECORATING","PIE SHELLS",MIX,SEGMENT/BRAND,"I  ",8315
817,7,GROCERY,"SOUPS: RTS, MIXES, BROTHS, BOUILLONS, STOCKS & DRY",RTS,JAR,SEGMENT/BRAND,"I  ",8315
573,7,GROCERY,"BAKING & CAKE DECORATING",INGREDIENTS,POWDER,SEGMENT/BRAND,"I  ",8315
188,7,GROCERY,ASIAN,"NON FOOD",,SEGMENT/BRAND,"I  ",8315
411,7,"GROCERY/NON FOOD","DIAPERS, WIPES",WIPES,,SEGMENT/BRAND,"I  ",8315
146,7,FROZEN,"BREAD & BAKED GOODS","BUNS & ROLLS",,SEGMENT/BRAND,"I  ",8315
581,7,GROCERY,"BAKING & CAKE DECORATING","MIXES: BROWNIE, CAKE, COOKIE, BAR",COOKIE,SEGMENT/BRAND,"I  ",8315
781,7,GROCERY,"OILS: NON-OLIVE","OILS 0-13 OZ","NUT: PEANUT",SEGMENT/BRAND,"I  ",8315
602,7,GROCERY,"BEVERAGES: JUICE","NON APPLE","VEGETABLE/FRUIT BLENDS",SEGMENT/BRAND,"I  ",8315
432,7,"GROCERY/NON FOOD","PET SUPPLIES & SUPPLEMENTS",SUPPLEMENTS,,BRAND/SEGMENT,"I  ",8315
369,7,GROCERY,"SAUCES: DRY",SAUCES,,BRAND/SEGMENT,"I  ",8315
663,7,GROCERY,"CEREALS: COLD",FLAKES/CRISPS/SQUARES,BOX,BRAND/SEGMENT,"I  ",8315
407,7,"GROCERY/NON FOOD","BATTERIES, LIGHT BULBS, BBQ SUPPLIES","LIGHT BULBS-HID",,SEGMENT/BRAND,"I  ",8315
691,7,GROCERY,"COCKTAIL/DRINK MIXERS & ADDITIVES",ADDITIVES,BITTERS,SEGMENT/BRAND,"I  ",8315
296,7,GROCERY,INDIAN,CHUTNEYS,,SEGMENT/BRAND,"I  ",8315
123,7,DAIRY/PERISHABLE,"MILK AND CREAM",OTHER,,SEGMENT/BRAND,"I  ",8315
447,7,DAIRY/PERISHABLE,DESSERTS,"READY TO SERVE",GELATIN,SEGMENT/BRAND,"I  ",8315
135,7,FROZEN,"APPETIZERS & CONVENIENCE",HANDHELDS,,SEGMENT/BRAND,"I  ",8315
346,7,GROCERY,"PREPARED SAUCE: BBQ, MARINADES, STEAK, WING, HOT, SEAFOOD, SPECIALTY",BBQ,,SEGMENT/BRAND,"I  ",8315
266,7,GROCERY,CONCENTRATES,JUICE,,BRAND/SEGMENT,"I  ",8315
725,7,GROCERY,"ENTREES & MIXES, MAC & CHEESE",OTHER,"MACARONI & CHEESE",BRAND/SEGMENT,"I  ",8315
870,7,"GROCERY/NON FOOD","PET FOOD & TREATS","CAT FOOD",WET,SEGMENT/BRAND,"I  ",8315
649,7,GROCERY,CANDY,"SOFT CANDY (NON-CHOCOLATE)","NON SUGAR SHELL",SEGMENT/BRAND,"I  ",8315
550,7,GROCERY,"BABY FOOD",JAR,TODDLER,SEGMENT/BRAND,"I  ",8315
279,7,GROCERY,"DIPS & SALSAS",RTU-SALSAS,,SEGMENT/BRAND,"I  ",8315
289,7,GROCERY,"HONEY & SYRUPS",HONEY,,SEGMENT/BRAND,"I  ",8315
89,7,DAIRY/PERISHABLE,"CHEESE ALTERNATIVES",SHREDDED,,SEGMENT/BRAND,"I  ",8315
693,7,GROCERY,"COCKTAIL/DRINK MIXERS & ADDITIVES",ADDITIVES,OTHER,SEGMENT/BRAND,"I  ",8315
229,7,GROCERY,"BULK: TRAIL MIXES/MIXES/SALTY SNACKS","TRAIL MIXES",,SEGMENT/BRAND,"I  ",8315
687,7,GROCERY,"CEREALS: HOT",OATMEAL,"OLD FASHIONED",BRAND/SEGMENT,"I  ",8315
826,7,GROCERY,"SWEETENERS: DRY & LIQUID",SUGAR,GRANULATED,SEGMENT/BRAND,"I  ",8315
600,7,GROCERY,"BEVERAGES: JUICE","NON APPLE","SINGLE FRUIT",SEGMENT/BRAND,"I  ",8315
359,7,GROCERY,"SALAD DRESSINGS",DRY,,SEGMENT/BRAND,"I  ",8315
565,7,GROCERY,"BAKING & CAKE DECORATING",CHOCOLATE,CHIPS,SEGMENT/BRAND,"I  ",8315
586,7,GROCERY,"BAKING & CAKE DECORATING","MIXES: GELATIN, MOUSSE, PUDDING, OTHER",PUDDING,SEGMENT/BRAND,"I  ",8315
497,7,FROZEN,FRUITS,BERRY,MULTIPLE,BRAND/SEGMENT,"I  ",8315
457,7,DAIRY/PERISHABLE,"NON-DAIRY BEVERAGES","128 OUNCES OR LESS",OTHER,SEGMENT/BRAND,"I  ",8315
110,7,DAIRY/PERISHABLE,"MACROBIOTIC FOODS/TOFU/MISO",TOFU,,SEGMENT/BRAND,"I  ",8315
121,7,DAIRY/PERISHABLE,"MILK AND CREAM","MILK HALF GALLONS",,SEGMENT/BRAND,"I  ",8315
632,7,GROCERY,"BULK: TRAIL MIXES/MIXES/SALTY SNACKS",NUTS,SHELLED,SEGMENT/BRAND,"I  ",8315
609,7,GROCERY,"BEVERAGES: NONDAIRY NUT, HEMP, RICE, SOY","MULTI SERVE",SOY,SEGMENT/BRAND,"I  ",8315
495,7,DAIRY/PERISHABLE,"YOGURT AND CULTURED BEVERAGES","NON GREEK YOGURT","MULTI SERVE",SEGMENT/BRAND,"I  ",8315
857,7,"GROCERY/NON FOOD","BATTERIES, LIGHT BULBS, BBQ SUPPLIES",BATTERIES-OTHER,TECH,SEGMENT/BRAND,"I  ",8315
661,7,GROCERY,"CEREALS: COLD",CLUSTERS/NUGGETS,CUP,BRAND/SEGMENT,"I  ",8315
872,7,"GROCERY/NON FOOD","PET FOOD & TREATS","DOG FOOD",TREATS,SEGMENT/BRAND,"I  ",8315
540,7,GROCERY,"BABY FOOD",BOX,"STAGE 3",SEGMENT/BRAND,"I  ",8315
878,7,"GROCERY/NON FOOD","TRASH, FOOD STORAGE & WRAPS",WRAPS,PLASTIC,SEGMENT/BRAND,"I  ",8315
504,7,FROZEN,"ICE CREAM, GELATO, NOVELTIES, SORBET, NONDAIRY",DAIRY/FRUIT,NOVELTIES,BRAND/SEGMENT,"I  ",8315
657,7,GROCERY,"CEREALS: COLD",BISCUITS,BOX,BRAND/SEGMENT,"I  ",8315
180,7,FROZEN,PIZZA,MULTI-SERVE,,BRAND/SEGMENT,"I  ",8315
182,7,FROZEN,VEGETABLES,NON-POTATO,,SEGMENT/BRAND,"I  ",8315
438,7,DAIRY/PERISHABLE,"BEVERAGES: JUICES & FUNCTIONAL","MULTI SERVE",FUNCTIONAL,SEGMENT/BRAND,"I  ",8315
859,7,"GROCERY/NON FOOD","BATTERIES, LIGHT BULBS, BBQ SUPPLIES",BBQ,"COOKING FUEL",SEGMENT/BRAND,"I  ",8315
516,7,GROCERY,APPLESAUCE,"SINGLE SERVE","NON-ORGANIC SWEETENED",BRAND/SEGMENT,"I  ",8315
304,7,GROCERY,INDIAN,RICE,,SEGMENT/BRAND,"I  ",8315
571,7,GROCERY,"BAKING & CAKE DECORATING","FLOUR & MEALS",PIZZA,SEGMENT/BRAND,"I  ",8315
356,7,GROCERY,"PRESERVES & FRUIT SPREADS",JAR,,BRAND/SEGMENT,"I  ",8315
399,7,"GROCERY/NON FOOD","BABY PRODUCTS","CLOTHING/SOFT GOODS",,SEGMENT/BRAND,"I  ",8315
853,7,GROCERY,"VINEGARS & COOKING WINES",VINEGAR,WINE,SEGMENT/BRAND,"I  ",8315
336,7,GROCERY,"PICKLES, PEPPERS, RELISH, MARINATED & PICKLED SPECIALTIES","PICKLED & MARINATED (NON PEPPER) SPECIALTY",,SEGMENT/BRAND,"I  ",8315
138,7,FROZEN,BEVERAGES,CONCENTRATES,,SEGMENT/BRAND,"I  ",8315
178,7,FROZEN,"MEAT ALTERNATIVES","PATTIES AND CUTLETS",,BRAND/SEGMENT,"I  ",8315
173,7,FROZEN,"MEAT ALTERNATIVES",CRUMBLES,,BRAND/SEGMENT,"I  ",8315
96,7,DAIRY/PERISHABLE,"DIPS & SALSAS",DESSERT,,BRAND/SEGMENT,"I  ",8315
767,7,GROCERY,"NON-DAIRY BEVERAGES","SINGLE SERVE",ALMOND,SEGMENT/BRAND,"I  ",8315
107,7,DAIRY/PERISHABLE,"MACROBIOTIC FOODS/TOFU/MISO",SEAWEED,,SEGMENT/BRAND,"I  ",8315
460,7,DAIRY/PERISHABLE,"NON-DAIRY BEVERAGES","32 OUNCES OR LESS",ALMOND,SEGMENT/BRAND,"I  ",8315
464,7,DAIRY/PERISHABLE,"NON-DAIRY BEVERAGES","32 OUNCES OR LESS",SOY,SEGMENT/BRAND,"I  ",8315
506,7,FROZEN,"ICE CREAM, GELATO, NOVELTIES, SORBET, NONDAIRY",DAIRY/FRUIT,"PINT STYLE",BRAND/SEGMENT,"I  ",8315
605,7,GROCERY,"BEVERAGES: NONDAIRY NUT, HEMP, RICE, SOY","MULTI SERVE",COCONUT,SEGMENT/BRAND,"I  ",8315
676,7,GROCERY,"CEREALS: COLD",OTHER,CUP,BRAND/SEGMENT,"I  ",8315
331,7,GROCERY,"OILS: OLIVE","14-22 OZ",,SEGMENT/BRAND,"I  ",8315
828,7,GROCERY,"SWEETENERS: DRY & LIQUID",SUGAR,OTHER,SEGMENT/BRAND,"I  ",8315
103,7,DAIRY/PERISHABLE,EGGS,OTHER,,SEGMENT/BRAND,"I  ",8315
744,7,GROCERY,"ICE CREAM TOPPINGS",SAUCE,CARAMEL,SEGMENT/BRAND,"I  ",8315
620,7,GROCERY,"BEVERAGES: WATER, SPARKLING, & STILL","FUNCTIONALLY ENHANCED","MULTI SERVE: SPARKLING",SEGMENT/BRAND,"I  ",8315
272,7,GROCERY,COOKIES,SANDWICH,,BRAND/SEGMENT,"I  ",8315
534,7,GROCERY,ASIAN,MEALS,"ON-THE-GO MEAL",SEGMENT/BRAND,"I  ",8315
702,7,GROCERY,"COCKTAIL/DRINK MIXERS & ADDITIVES",MIXERS,RTU-MARGARITA,SEGMENT/BRAND,"I  ",8315
830,7,GROCERY,"SWEETENERS: DRY & LIQUID","SUGAR ALTERNATIVES",AGAVE,SEGMENT/BRAND,"I  ",8315
470,7,DAIRY/PERISHABLE,"NON-DAIRY BEVERAGES","SINGLE SERVE - 20 OUNCES OR LESS",ALMOND,SEGMENT/BRAND,"I  ",8315
535,7,GROCERY,ASIAN,MEALS,"ON-THE-GO SOUP",SEGMENT/BRAND,"I  ",8315
436,7,"GROCERY/NON FOOD","TRASH, FOOD STORAGE & WRAPS",TRASH,,SEGMENT/BRAND,"I  ",8315
386,7,GROCERY,"SPECIALTY TEA, NON RTD",OOLONG,,BRAND/SEGMENT,"I  ",8315
428,7,"GROCERY/NON FOOD","PET SUPPLIES & SUPPLEMENTS",LEASHES/LEADS,,BRAND/SEGMENT,"I  ",8315
342,7,GROCERY,"PRE-PACKAGED SNACKS: NUTS, DRIED FRUIT, TRAIL MIX","ENROBED DRIZZLED FRUIT & SALTY SNACKS",,BRAND/SEGMENT,"I  ",8315
718,7,GROCERY,"ENTREES & MIXES, MAC & CHEESE",BOX,KITS,BRAND/SEGMENT,"I  ",8315
750,7,GROCERY,INDIAN,PASTES,COOKING,SEGMENT/BRAND,"I  ",8315
783,7,GROCERY,"OILS: NON-OLIVE","OILS 0-13 OZ",SEED,SEGMENT/BRAND,"I  ",8315
769,7,GROCERY,"NON-DAIRY BEVERAGES","SINGLE SERVE",RICE,SEGMENT/BRAND,"I  ",8315
578,7,GROCERY,"BAKING & CAKE DECORATING","MIXES: BROWNIE, CAKE, COOKIE, BAR",BAR,SEGMENT/BRAND,"I  ",8315
285,7,GROCERY,"GRAIN CAKES","STACKED: TRADITIONAL",,SEGMENT/BRAND,"I  ",8315
626,7,GROCERY,"BEVERAGES: WATER, SPARKLING, & STILL",NON-ENHANCED,"MULTI SERVE: SPARKLING",SEGMENT/BRAND,"I  ",8315
199,7,GROCERY,"BAKING & CAKE DECORATING",COCONUT,,SEGMENT/BRAND,"I  ",8315
422,7,"GROCERY/NON FOOD","PET SUPPLIES & SUPPLEMENTS",CLOTHES,,BRAND/SEGMENT,"I  ",8315
792,7,GROCERY,"PRE-PACKAGED SNACKS: NUTS, DRIED FRUIT, TRAIL MIX","TRAIL MIX/CLUSTERS","TRAIL MIX",BRAND/SEGMENT,"I  ",8315
232,7,GROCERY,CANDY,GUM,,SEGMENT/BRAND,"I  ",8315
689,7,GROCERY,"CEREALS: HOT",OATMEAL,REGULAR,BRAND/SEGMENT,"I  ",8315
697,7,GROCERY,"COCKTAIL/DRINK MIXERS & ADDITIVES",MIXERS,BUCKET,SEGMENT/BRAND,"I  ",8315
773,7,GROCERY,"NUTRITIONAL BARS AND ENERGY GELS/CHEWS",BARS,"LIFESTYLE & WELLNESS",SEGMENT/BRAND,"I  ",8315
161,7,FROZEN,DESSERTS,CAKES,,BRAND/SEGMENT,"I  ",8315
291,7,GROCERY,"HONEY & SYRUPS","SYRUP: NON-TOPPING",,SEGMENT/BRAND,"I  ",8315
254,7,GROCERY,"CEREALS: HOT",OTHER,,BRAND/SEGMENT,"I  ",8315
708,7,GROCERY,"CRACKERS & CRISPBREADS",CRISPBREADS,BREADSTICK,BRAND/SEGMENT,"I  ",8315
559,7,GROCERY,"BAKING & CAKE DECORATING","CAKE DECORATING",CANDLES,SEGMENT/BRAND,"I  ",8315
525,7,GROCERY,ASIAN,"COOKING INGREDIENTS",PASTE,SEGMENT/BRAND,"I  ",8315
868,7,"GROCERY/NON FOOD","PET FOOD & TREATS","CAT FOOD",DRY,SEGMENT/BRAND,"I  ",8315
613,7,GROCERY,"BEVERAGES: NONDAIRY NUT, HEMP, RICE, SOY","SINGLE SERVE",SOY,SEGMENT/BRAND,"I  ",8315
218,7,GROCERY,"BEVERAGES: SINGLE SERVE",JUICE,,BRAND/SEGMENT,"I  ",8315
696,7,GROCERY,"COCKTAIL/DRINK MIXERS & ADDITIVES",MIXERS,BAGGED,SEGMENT/BRAND,"I  ",8315
294,7,GROCERY,"ICE CREAM TOPPINGS",OTHER,,SEGMENT/BRAND,"I  ",8315
239,7,GROCERY,"CANNED MEATS, STEWS & SEAFOOD",OTHER/SPECIALTY,,SEGMENT/BRAND,"I  ",8315
790,7,GROCERY,"PRE-PACKAGED SNACKS: NUTS, DRIED FRUIT, TRAIL MIX","NUTS & SEEDS",SEEDS,BRAND/SEGMENT,"I  ",8315
706,7,GROCERY,"COCOA/MILK FLAVORINGS","POWDER MIX/TABLET",INSTANT,BRAND/SEGMENT,"I  ",8315
533,7,GROCERY,ASIAN,MEALS,"MEAL STARTER",SEGMENT/BRAND,"I  ",8315
615,7,GROCERY,"BEVERAGES: WATER, SPARKLING, & STILL","FUNCTIONALLY ENHANCED","COCONUT MULTI-SERVE: NON SPARKLING",SEGMENT/BRAND,"I  ",8315
420,7,"GROCERY/NON FOOD","PET SUPPLIES & SUPPLEMENTS",BIRD,,BRAND/SEGMENT,"I  ",8315
538,7,GROCERY,"BABY FOOD",BOX,"STAGE 1",SEGMENT/BRAND,"I  ",8315
761,7,GROCERY,"NON-DAIRY BEVERAGES","MULTI-SERVE (APPROX 32 OZ)",SOY,SEGMENT/BRAND,"I  ",8315
800,7,GROCERY,"SEASONINGS & SPICES",SPICE,NON-PEPPERCORN,BRAND/SEGMENT,"I  ",8315
513,7,GROCERY,APPLESAUCE,"MULTI SERVE","ORGANIC NONSWEETENED",BRAND/SEGMENT,"I  ",8315
151,7,FROZEN,"BREAD & BAKED GOODS","TORTILLAS & WRAPS",,SEGMENT/BRAND,"I  ",8315
849,7,GROCERY,"VINEGARS & COOKING WINES",VINEGAR,MALT,SEGMENT/BRAND,"I  ",8315
796,7,GROCERY,"SALTY SNACKS: RTE (NON GUSSETED BAG)",CHIP,OTHER,BRAND/SEGMENT,"I  ",8315
106,7,DAIRY/PERISHABLE,"MACROBIOTIC FOODS/TOFU/MISO",NOODLE,,SEGMENT/BRAND,"I  ",8315
638,7,GROCERY,CANDY,CHOCOLATE,"BARS: SOLID",SEGMENT/BRAND,"I  ",8315
426,7,"GROCERY/NON FOOD","PET SUPPLIES & SUPPLEMENTS",GROOMING,,BRAND/SEGMENT,"I  ",8315
752,7,GROCERY,INDIAN,SAUCES,CONDIMENTS,SEGMENT/BRAND,"I  ",8315
458,7,DAIRY/PERISHABLE,"NON-DAIRY BEVERAGES","128 OUNCES OR LESS",RICE,SEGMENT/BRAND,"I  ",8315
647,7,GROCERY,CANDY,"SOFT CANDY (NON-CHOCOLATE)",CARAMELS,SEGMENT/BRAND,"I  ",8315
481,7,DAIRY/PERISHABLE,"YOGURT AND CULTURED BEVERAGES","GREEK YOGURT","MULTI PACK",SEGMENT/BRAND,"I  ",8315
493,7,DAIRY/PERISHABLE,"YOGURT AND CULTURED BEVERAGES","NON DAIRY YOGURT","SINGLE SERVE",SEGMENT/BRAND,"I  ",8315
666,7,GROCERY,"CEREALS: COLD",GRANOLA,BOX,BRAND/SEGMENT,"I  ",8315
595,7,GROCERY,"BATTERS & COATINGS",BREADCRUMBS,"GF TRADITIONAL",SEGMENT/BRAND,"I  ",8315
340,7,GROCERY,"POTATOES - DRY",MIXES,,SEGMENT/BRAND,"I  ",8315
847,7,GROCERY,"VINEGARS & COOKING WINES",VINEGAR,BALSAMIC,SEGMENT/BRAND,"I  ",8315
443,7,DAIRY/PERISHABLE,DESSERTS,"READY TO BAKE",COOKIES,SEGMENT/BRAND,"I  ",8315
584,7,GROCERY,"BAKING & CAKE DECORATING","MIXES: GELATIN, MOUSSE, PUDDING, OTHER",MOUSSE,SEGMENT/BRAND,"I  ",8315
298,7,GROCERY,INDIAN,DESSERT,,SEGMENT/BRAND,"I  ",8315
552,7,GROCERY,"BABY FOOD",POUCH,"STAGE 2",SEGMENT/BRAND,"I  ",8315
788,7,GROCERY,"PRE-PACKAGED SNACKS: NUTS, DRIED FRUIT, TRAIL MIX","NUTS & SEEDS","CORN NUTS",BRAND/SEGMENT,"I  ",8315
674,7,GROCERY,"CEREALS: COLD",OTHER,BAG,BRAND/SEGMENT,"I  ",8315
344,7,GROCERY,"PRE-PACKAGED SNACKS: NUTS, DRIED FRUIT, TRAIL MIX",OTHER,,BRAND/SEGMENT,"I  ",8315
363,7,GROCERY,"SALTY SNACKS: RTE (NON GUSSETED BAG)",POPCORN,,BRAND/SEGMENT,"I  ",8315
670,7,GROCERY,"CEREALS: COLD",MUESLI,CUP,BRAND/SEGMENT,"I  ",8315
332,7,GROCERY,"OILS: OLIVE","23+ OZ",,SEGMENT/BRAND,"I  ",8315
765,7,GROCERY,"NON-DAIRY BEVERAGES","MULTI-SERVE (APPROX 64 OZ)",RICE,SEGMENT/BRAND,"I  ",8315
864,7,"GROCERY/NON FOOD","BATTERIES, LIGHT BULBS, BBQ SUPPLIES","LIGHT BULBS-INCANDESCENT",DECORATIVE,SEGMENT/BRAND,"I  ",8315
111,7,DAIRY/PERISHABLE,"MACROBIOTIC FOODS/TOFU/MISO",WRAP,,SEGMENT/BRAND,"I  ",8315
174,7,FROZEN,"MEAT ALTERNATIVES",LINKS,,BRAND/SEGMENT,"I  ",8315
142,7,FROZEN,"BREAD & BAKED GOODS","BAGELS, ENGLISH MUFFINS & CRUMPETS",,SEGMENT/BRAND,"I  ",8315
258,7,GROCERY,"COCOA/MILK FLAVORINGS",OTHER,,BRAND/SEGMENT,"I  ",8315
368,7,GROCERY,"SAUCES: DRY",GRAVIES,,BRAND/SEGMENT,"I  ",8315
843,7,GROCERY,TORTILLAS,HARD/CRISPY,TOSTADA,BRAND/SEGMENT,"I  ",8315
746,7,GROCERY,"ICE CREAM TOPPINGS",SAUCE,FRUIT,SEGMENT/BRAND,"I  ",8315
866,7,"GROCERY/NON FOOD","BATTERIES, LIGHT BULBS, BBQ SUPPLIES","LIGHT BULBS-INCANDESCENT",REFLECTORIZED,SEGMENT/BRAND,"I  ",8315
824,7,GROCERY,"SPECIALTY TEA, NON RTD",HERBAL,"YERBA MATE",BRAND/SEGMENT,"I  ",8315
544,7,GROCERY,"BABY FOOD",CUP,"STAGE 3",SEGMENT/BRAND,"I  ",8315
731,7,GROCERY,GRAINS,INSTANT,"GUSSETS, CELLOS/STAND-UPS",BRAND/SEGMENT,"I  ",8315
618,7,GROCERY,"BEVERAGES: WATER, SPARKLING, & STILL","FUNCTIONALLY ENHANCED","MULTI PACK: SPARKLING",SEGMENT/BRAND,"I  ",8315
353,7,GROCERY,"PREPARED SAUCE: BBQ, MARINADES, STEAK, WING, HOT, SEAFOOD, SPECIALTY",STEAK,,SEGMENT/BRAND,"I  ",8315
86,7,DAIRY/PERISHABLE,"CHEESE ALTERNATIVES",CHUNKS/WEDGES,,SEGMENT/BRAND,"I  ",8315
779,7,GROCERY,"OILS: NON-OLIVE","OILS 0-13 OZ",COCONUT,SEGMENT/BRAND,"I  ",8315
252,7,GROCERY,"CEREALS: HOT",MUESLI,,BRAND/SEGMENT,"I  ",8315
542,7,GROCERY,"BABY FOOD",CUP,"STAGE 1",SEGMENT/BRAND,"I  ",8315
815,7,GROCERY,"SOUPS: RTS, MIXES, BROTHS, BOUILLONS, STOCKS & DRY",RTS,CAN,SEGMENT/BRAND,"I  ",8315
838,7,GROCERY,"TOMATOES & TOMATO PRODUCTS",CAN,"0 OZ - 16 OZ",BRAND/SEGMENT,"I  ",8315
678,7,GROCERY,"CEREALS: COLD",PUFF,BOX,BRAND/SEGMENT,"I  ",8315
283,7,GROCERY,"GRAIN CAKES","NON STACKED",,SEGMENT/BRAND,"I  ",8315
117,7,DAIRY/PERISHABLE,"MEAT ALTERNATIVES",OTHER,,SEGMENT/BRAND,"I  ",8315
498,7,FROZEN,FRUITS,BERRY,"MULTIPLE (NOT ALL BERRY)",BRAND/SEGMENT,"I  ",8315
809,7,GROCERY,"SOUPS: RTS, MIXES, BROTHS, BOUILLONS, STOCKS & DRY",MIXES,CANISTER/JAR,SEGMENT/BRAND,"I  ",8315
439,7,DAIRY/PERISHABLE,"BEVERAGES: JUICES & FUNCTIONAL","MULTI SERVE","NON FUNCTIONAL",SEGMENT/BRAND,"I  ",8315
98,7,DAIRY/PERISHABLE,"DIPS & SALSAS",GUACAMOLE,,BRAND/SEGMENT,"I  ",8315
214,7,GROCERY,"BEVERAGES: JUICE","SINGLE FRUIT: APPLE",,SEGMENT/BRAND,"I  ",8315
635,7,GROCERY,"BULK: TRAIL MIXES/MIXES/SALTY SNACKS",VEGETABLE,SULFURED,SEGMENT/BRAND,"I  ",8315
822,7,GROCERY,"SPECIALTY TEA, NON RTD",GREEN,"NON CHAI",BRAND/SEGMENT,"I  ",8315
153,7,FROZEN,BREAKFAST,"ENTREES: BURRITOS",,SEGMENT/BRAND,"I  ",8315
807,7,GROCERY,"SOUPS: RTS, MIXES, BROTHS, BOUILLONS, STOCKS & DRY","BROTHS & STOCKS",STOCK,SEGMENT/BRAND,"I  ",8315
805,7,GROCERY,"SOUPS: RTS, MIXES, BROTHS, BOUILLONS, STOCKS & DRY",BOUILLON,POWDER,SEGMENT/BRAND,"I  ",8315
557,7,GROCERY,"BABY FOOD",TUB,"STAGE 3",SEGMENT/BRAND,"I  ",8315
163,7,FROZEN,DESSERTS,OTHER,,BRAND/SEGMENT,"I  ",8315
645,7,GROCERY,CANDY,"HARD CANDY (NON-CHOCOLATE)","PASTILLES BREATH MINT",SEGMENT/BRAND,"I  ",8315
489,7,DAIRY/PERISHABLE,"YOGURT AND CULTURED BEVERAGES","NON DAIRY GREEK YOGURT","MULTI SERVE",SEGMENT/BRAND,"I  ",8315
502,7,FROZEN,"ICE CREAM, GELATO, NOVELTIES, SORBET, NONDAIRY",DAIRY/FRUIT,"GALLON STYLE",BRAND/SEGMENT,"I  ",8315
441,7,DAIRY/PERISHABLE,"BEVERAGES: JUICES & FUNCTIONAL","SINGLE SERVE","NON FUNCTIONAL",SEGMENT/BRAND,"I  ",8315
262,7,GROCERY,COFFEE,BRICK,,BRAND/SEGMENT,"I  ",8315
393,7,GROCERY,"TOMATOES & TOMATO PRODUCTS",JAR,,BRAND/SEGMENT,"I  ",8315
763,7,GROCERY,"NON-DAIRY BEVERAGES","MULTI-SERVE (APPROX 64 OZ)",COCONUT,SEGMENT/BRAND,"I  ",8315
698,7,GROCERY,"COCKTAIL/DRINK MIXERS & ADDITIVES",MIXERS,CONCENTRATE,SEGMENT/BRAND,"I  ",8315
677,7,GROCERY,"CEREALS: COLD",PUFF,BAG,BRAND/SEGMENT,"I  ",8315
500,7,FROZEN,FRUITS,"PITTED (NON-BERRY)",MULTIPLE,BRAND/SEGMENT,"I  ",8315
468,7,DAIRY/PERISHABLE,"NON-DAIRY BEVERAGES","64 OUNCES OR LESS",RICE,SEGMENT/BRAND,"I  ",8315
521,7,GROCERY,ASIAN,"COOKING INGREDIENTS",FRUIT,SEGMENT/BRAND,"I  ",8315
309,7,GROCERY,"MILK: CANNED, CONDENSED, ASEPTIC",CANNED,,SEGMENT/BRAND,"I  ",8315
92,7,DAIRY/PERISHABLE,"CHEESE ALTERNATIVES",STICK,,SEGMENT/BRAND,"I  ",8315
662,7,GROCERY,"CEREALS: COLD",FLAKES/CRISPS/SQUARES,BAG,BRAND/SEGMENT,"I  ",8315
372,7,GROCERY,"SEASONINGS & SPICES",OTHER,,BRAND/SEGMENT,"I  ",8315
155,7,FROZEN,BREAKFAST,"ENTREES: OTHER",,SEGMENT/BRAND,"I  ",8315
445,7,DAIRY/PERISHABLE,DESSERTS,"READY TO BAKE","PIE CRUST",SEGMENT/BRAND,"I  ",8315
799,7,GROCERY,"SALTY SNACKS: RTE (NON GUSSETED BAG)",CHIP,VEGETABLE,BRAND/SEGMENT,"I  ",8315
105,7,DAIRY/PERISHABLE,"MACROBIOTIC FOODS/TOFU/MISO","MISO PASTE",,SEGMENT/BRAND,"I  ",8315
410,7,"GROCERY/NON FOOD","DIAPERS, WIPES",DIAPERS,,SEGMENT/BRAND,"I  ",8315
371,7,GROCERY,"SEASONINGS & SPICES",HERB,,BRAND/SEGMENT,"I  ",8315
517,7,GROCERY,APPLESAUCE,"SINGLE SERVE","ORGANIC NONSWEETENED",BRAND/SEGMENT,"I  ",8315
582,7,GROCERY,"BAKING & CAKE DECORATING","MIXES: BROWNIE, CAKE, COOKIE, BAR",OTHER,SEGMENT/BRAND,"I  ",8315
672,7,GROCERY,"CEREALS: COLD",O'S,BOX,BRAND/SEGMENT,"I  ",8315
491,7,DAIRY/PERISHABLE,"YOGURT AND CULTURED BEVERAGES","NON DAIRY YOGURT","MULTI PACK",SEGMENT/BRAND,"I  ",8315
514,7,GROCERY,APPLESAUCE,"MULTI SERVE","ORGANIC SWEETENED",BRAND/SEGMENT,"I  ",8315
832,7,GROCERY,"SWEETENERS: DRY & LIQUID","SUGAR SUBSTITUTE",ASPARTAME,SEGMENT/BRAND,"I  ",8315
685,7,GROCERY,"CEREALS: HOT",GRITS,REGULAR,BRAND/SEGMENT,"I  ",8315
355,7,GROCERY,"PREPARED SAUCE: BBQ, MARINADES, STEAK, WING, HOT, SEAFOOD, SPECIALTY",WORCESTERSHIRE,,SEGMENT/BRAND,"I  ",8315
168,7,FROZEN,FRUITS,OTHER,,BRAND/SEGMENT,"I  ",8315
818,7,GROCERY,"SOUPS: RTS, MIXES, BROTHS, BOUILLONS, STOCKS & DRY",RTS,PACKET,SEGMENT/BRAND,"I  ",8315
260,7,GROCERY,"COCOA/MILK FLAVORINGS",SYRUP,,BRAND/SEGMENT,"I  ",8315
803,7,GROCERY,"SOUPS: RTS, MIXES, BROTHS, BOUILLONS, STOCKS & DRY",BOUILLON,CUBE,SEGMENT/BRAND,"I  ",8315
271,7,GROCERY,COOKIES,ROLLED,,BRAND/SEGMENT,"I  ",8315
580,7,GROCERY,"BAKING & CAKE DECORATING","MIXES: BROWNIE, CAKE, COOKIE, BAR",CAKE,SEGMENT/BRAND,"I  ",8315
643,7,GROCERY,CANDY,"HARD CANDY (NON-CHOCOLATE)",LOLLIPOP,SEGMENT/BRAND,"I  ",8315
736,7,GROCERY,GRAINS,"READY TO EAT",LOGS,BRAND/SEGMENT,"I  ",8315
637,7,GROCERY,CANDY,CHOCOLATE,"BARS: FILLED",SEGMENT/BRAND,"I  ",8315
119,7,DAIRY/PERISHABLE,"MILK AND CREAM",CREAM,,SEGMENT/BRAND,"I  ",8315
561,7,GROCERY,"BAKING & CAKE DECORATING","CAKE DECORATING",ICING/GEL,SEGMENT/BRAND,"I  ",8315
754,7,GROCERY,INDIAN,SEASONINGS,"CURRY MASALAS",SEGMENT/BRAND,"I  ",8315
397,7,GROCERY,"VINEGARS & COOKING WINES","COOKING WINE",,SEGMENT/BRAND,"I  ",8315
748,7,GROCERY,INDIAN,"MEALS: SHELF STABLE",INSTANT,SEGMENT/BRAND,"I  ",8315
269,7,GROCERY,COOKIES,DROP,,BRAND/SEGMENT,"I  ",8315
742,7,GROCERY,"ICE CREAM TOPPINGS",CONES,SUGAR,SEGMENT/BRAND,"I  ",8315
572,7,GROCERY,"BAKING & CAKE DECORATING",INGREDIENTS,FRUITS/PEELS,SEGMENT/BRAND,"I  ",8315
452,7,DAIRY/PERISHABLE,"MEAT ALTERNATIVES","GROUNDS/CRUMBLES ALTERNATIVE",SEITAN,SEGMENT/BRAND,"I  ",8315
599,7,GROCERY,"BEVERAGES: JUICE","NON APPLE","MULTI VEGETABLE",SEGMENT/BRAND,"I  ",8315
365,7,GROCERY,"SALTY SNACKS: RTE (NON GUSSETED BAG)",PUFFED,,BRAND/SEGMENT,"I  ",8315
273,7,GROCERY,COOKIES,SNAPS,,BRAND/SEGMENT,"I  ",8315
553,7,GROCERY,"BABY FOOD",POUCH,"STAGE 3",SEGMENT/BRAND,"I  ",8315
456,7,DAIRY/PERISHABLE,"NON-DAIRY BEVERAGES","128 OUNCES OR LESS",FLAX,SEGMENT/BRAND,"I  ",8315
172,7,FROZEN,"MEAT ALTERNATIVES","BREADED NUGGETS AND TENDERS",,BRAND/SEGMENT,"I  ",8315
267,7,GROCERY,COOKIES,BISCOTTI,,BRAND/SEGMENT,"I  ",8315
145,7,FROZEN,"BREAD & BAKED GOODS","BREAD LOAVES",,SEGMENT/BRAND,"I  ",8315
727,7,GROCERY,"ENTREES & MIXES, MAC & CHEESE",OTHER,"OTHER PASTA",BRAND/SEGMENT,"I  ",8315
431,7,"GROCERY/NON FOOD","PET SUPPLIES & SUPPLEMENTS",RAWHIDE/CHEWS,,BRAND/SEGMENT,"I  ",8315
836,7,GROCERY,"SWEETENERS: DRY & LIQUID","SUGAR SUBSTITUTE",STEVIA,SEGMENT/BRAND,"I  ",8315
782,7,GROCERY,"OILS: NON-OLIVE","OILS 0-13 OZ","RED PALM",SEGMENT/BRAND,"I  ",8315
90,7,DAIRY/PERISHABLE,"CHEESE ALTERNATIVES",SLICES,,SEGMENT/BRAND,"I  ",8315
834,7,GROCERY,"SWEETENERS: DRY & LIQUID","SUGAR SUBSTITUTE",SACCHARIN,SEGMENT/BRAND,"I  ",8315
348,7,GROCERY,"PREPARED SAUCE: BBQ, MARINADES, STEAK, WING, HOT, SEAFOOD, SPECIALTY",HOT,,SEGMENT/BRAND,"I  ",8315
695,7,GROCERY,"COCKTAIL/DRINK MIXERS & ADDITIVES",ADDITIVES,SYRUPS,SEGMENT/BRAND,"I  ",8315
424,7,"GROCERY/NON FOOD","PET SUPPLIES & SUPPLEMENTS",FISH,,BRAND/SEGMENT,"I  ",8315
338,7,GROCERY,"PICKLES, PEPPERS, RELISH, MARINATED & PICKLED SPECIALTIES","SPECIALTY PEPPER",,SEGMENT/BRAND,"I  ",8315
778,7,GROCERY,"OILS: NON-OLIVE","OILS 0-13 OZ",AVOCADO,SEGMENT/BRAND,"I  ",8315
147,7,FROZEN,"BREAD & BAKED GOODS",DOUGH,,SEGMENT/BRAND,"I  ",8315
729,7,GROCERY,GRAINS,INSTANT,BOXES,BRAND/SEGMENT,"I  ",8315
776,7,GROCERY,"NUTRITIONAL BARS AND ENERGY GELS/CHEWS","GELS & CHEWS",CHEWS,SEGMENT/BRAND,"I  ",8315
328,7,GROCERY,"OILS: NON-OLIVE","OILS GALLON",,SEGMENT/BRAND,"I  ",8315
494,7,DAIRY/PERISHABLE,"YOGURT AND CULTURED BEVERAGES","NON GREEK YOGURT","MULTI PACK",SEGMENT/BRAND,"I  ",8315
519,7,GROCERY,ASIAN,"COOKING INGREDIENTS",COATINGS/BATTERS,SEGMENT/BRAND,"I  ",8315
797,7,GROCERY,"SALTY SNACKS: RTE (NON GUSSETED BAG)",CHIP,PITA,BRAND/SEGMENT,"I  ",8315
723,7,GROCERY,"ENTREES & MIXES, MAC & CHEESE",CAN,OTHER,BRAND/SEGMENT,"I  ",8315
641,7,GROCERY,CANDY,CHOCOLATE,GIFT,SEGMENT/BRAND,"I  ",8315
813,7,GROCERY,"SOUPS: RTS, MIXES, BROTHS, BOUILLONS, STOCKS & DRY",RAMEN,PACKETS,SEGMENT/BRAND,"I  ",8315
679,7,GROCERY,"CEREALS: COLD",PUFF,CUP,BRAND/SEGMENT,"I  ",8315
136,7,FROZEN,"APPETIZERS & CONVENIENCE",SNACKS,,SEGMENT/BRAND,"I  ",8315
656,7,GROCERY,"CEREALS: COLD",BISCUITS,BAG,BRAND/SEGMENT,"I  ",8315
290,7,GROCERY,"HONEY & SYRUPS",MOLASSES,,SEGMENT/BRAND,"I  ",8315
349,7,GROCERY,"PREPARED SAUCE: BBQ, MARINADES, STEAK, WING, HOT, SEAFOOD, SPECIALTY",KETCHUP,,SEGMENT/BRAND,"I  ",8315
511,7,GROCERY,APPLESAUCE,"MULTI SERVE","NON-ORGANIC NONSWEETENED",BRAND/SEGMENT,"I  ",8315
664,7,GROCERY,"CEREALS: COLD",FLAKES/CRISPS/SQUARES,CUP,BRAND/SEGMENT,"I  ",8315
471,7,DAIRY/PERISHABLE,"NON-DAIRY BEVERAGES","SINGLE SERVE - 20 OUNCES OR LESS",COCONUT,SEGMENT/BRAND,"I  ",8315
614,7,GROCERY,"BEVERAGES: WATER, SPARKLING, & STILL","FUNCTIONALLY ENHANCED","COCONUT MULTI-PACK: NON SPARKLING",SEGMENT/BRAND,"I  ",8315
313,7,GROCERY,MUSTARDS,FLAVORED,,BRAND/SEGMENT,"I  ",8315
334,7,GROCERY,"OILS: OLIVE",SPRAY,,SEGMENT/BRAND,"I  ",8315
651,7,GROCERY,CANDY,"SOFT CANDY (NON-CHOCOLATE)","SUGAR SHELL",SEGMENT/BRAND,"I  ",8315
210,7,GROCERY,"BATTERS & COATINGS","CORN/CRACKER MEAL",,SEGMENT/BRAND,"I  ",8315
351,7,GROCERY,"PREPARED SAUCE: BBQ, MARINADES, STEAK, WING, HOT, SEAFOOD, SPECIALTY",SEAFOOD,,SEGMENT/BRAND,"I  ",8315
485,7,DAIRY/PERISHABLE,"YOGURT AND CULTURED BEVERAGES","KIDS AND BABY","M/P YOGURT",SEGMENT/BRAND,"I  ",8315
611,7,GROCERY,"BEVERAGES: NONDAIRY NUT, HEMP, RICE, SOY","SINGLE SERVE",OTHER,SEGMENT/BRAND,"I  ",8315
735,7,GROCERY,GRAINS,NON-INSTANT,JARS,BRAND/SEGMENT,"I  ",8315
668,7,GROCERY,"CEREALS: COLD",MUESLI,BAG,BRAND/SEGMENT,"I  ",8315
660,7,GROCERY,"CEREALS: COLD",CLUSTERS/NUGGETS,BOX,BRAND/SEGMENT,"I  ",8315
858,7,"GROCERY/NON FOOD","BATTERIES, LIGHT BULBS, BBQ SUPPLIES",BBQ,ACCESSORIES,SEGMENT/BRAND,"I  ",8315
755,7,GROCERY,INDIAN,SEASONINGS,MASALAS,SEGMENT/BRAND,"I  ",8315
622,7,GROCERY,"BEVERAGES: WATER, SPARKLING, & STILL","FUNCTIONALLY ENHANCED","SINGLE SERVE: SPARKLING",SEGMENT/BRAND,"I  ",8315
654,7,GROCERY,"CANNED MEATS, STEWS & SEAFOOD","FISH NON-COCKTAIL",CAN,SEGMENT/BRAND,"I  ",8315
370,7,GROCERY,"SEASONINGS & SPICES",EXTRACTS,,BRAND/SEGMENT,"I  ",8315
555,7,GROCERY,"BABY FOOD",TUB,"STAGE 1",SEGMENT/BRAND,"I  ",8315
429,7,"GROCERY/NON FOOD","PET SUPPLIES & SUPPLEMENTS",LITTER,,BRAND/SEGMENT,"I  ",8315
862,7,"GROCERY/NON FOOD","BATTERIES, LIGHT BULBS, BBQ SUPPLIES","LIGHT BULBS - FLUORESCENT",CFL,SEGMENT/BRAND,"I  ",8315
416,7,"GROCERY/NON FOOD","PET FOOD & TREATS","PET BLENDS",,SEGMENT/BRAND,"I  ",8315
616,7,GROCERY,"BEVERAGES: WATER, SPARKLING, & STILL","FUNCTIONALLY ENHANCED","COCONUT SINGLE-SERVE: NON SPARKLING",SEGMENT/BRAND,"I  ",8315
624,7,GROCERY,"BEVERAGES: WATER, SPARKLING, & STILL",NON-ENHANCED,"MULTI PACK: SPARKLING",SEGMENT/BRAND,"I  ",8315
694,7,GROCERY,"COCKTAIL/DRINK MIXERS & ADDITIVES",ADDITIVES,RIMMERS,SEGMENT/BRAND,"I  ",8315
715,7,GROCERY,"DIPS & SALSAS",RTU-DIPS,OTHER,SEGMENT/BRAND,"I  ",8315
307,7,GROCERY,INDIAN,SNACKS,,SEGMENT/BRAND,"I  ",8315
801,7,GROCERY,"SEASONINGS & SPICES",SPICE,PEPPERCORN,BRAND/SEGMENT,"I  ",8315
816,7,GROCERY,"SOUPS: RTS, MIXES, BROTHS, BOUILLONS, STOCKS & DRY",RTS,CUPS,SEGMENT/BRAND,"I  ",8315
109,7,DAIRY/PERISHABLE,"MACROBIOTIC FOODS/TOFU/MISO",TEMPEH,,SEGMENT/BRAND,"I  ",8315
759,7,GROCERY,"NON-DAIRY BEVERAGES","MULTI-SERVE (APPROX 32 OZ)",OTHER,SEGMENT/BRAND,"I  ",8315
874,7,"GROCERY/NON FOOD","TRASH, FOOD STORAGE & WRAPS","FOOD STORAGE",BAGS,SEGMENT/BRAND,"I  ",8315
475,7,DAIRY/PERISHABLE,"YOGURT AND CULTURED BEVERAGES","CULTURED BEVERAGE","M/P KEFIR",SEGMENT/BRAND,"I  ",8315
330,7,GROCERY,"OILS: OLIVE","0-13 OZ",,SEGMENT/BRAND,"I  ",8315
546,7,GROCERY,"BABY FOOD",FORMULA,"NON DAIRY",SEGMENT/BRAND,"I  ",8315
710,7,GROCERY,"CRACKERS & CRISPBREADS",CRISPBREADS,RICE,BRAND/SEGMENT,"I  ",8315
510,7,FROZEN,"ICE CREAM, GELATO, NOVELTIES, SORBET, NONDAIRY","NON DAIRY","QUART STYLE",BRAND/SEGMENT,"I  ",8315
483,7,DAIRY/PERISHABLE,"YOGURT AND CULTURED BEVERAGES","GREEK YOGURT","SINGLE SERVE",SEGMENT/BRAND,"I  ",8315
721,7,GROCERY,"ENTREES & MIXES, MAC & CHEESE",BOX,"OTHER PASTA",BRAND/SEGMENT,"I  ",8315
845,7,GROCERY,TORTILLAS,SOFT,RICE,BRAND/SEGMENT,"I  ",8315
473,7,DAIRY/PERISHABLE,"NON-DAIRY BEVERAGES","SINGLE SERVE - 20 OUNCES OR LESS",RICE,SEGMENT/BRAND,"I  ",8315
551,7,GROCERY,"BABY FOOD",POUCH,"STAGE 1",SEGMENT/BRAND,"I  ",8315
780,7,GROCERY,"OILS: NON-OLIVE","OILS 0-13 OZ","NUT: NON-PEANUT",SEGMENT/BRAND,"I  ",8315
496,7,DAIRY/PERISHABLE,"YOGURT AND CULTURED BEVERAGES","NON GREEK YOGURT","SINGLE SERVE",SEGMENT/BRAND,"I  ",8315
574,7,GROCERY,"BAKING & CAKE DECORATING",INGREDIENTS,SEEDS,SEGMENT/BRAND,"I  ",8315
515,7,GROCERY,APPLESAUCE,"SINGLE SERVE","NON-ORGANIC NONSWEETENED",BRAND/SEGMENT,"I  ",8315
877,7,"GROCERY/NON FOOD","TRASH, FOOD STORAGE & WRAPS",WRAPS,PARCHMENT,SEGMENT/BRAND,"I  ",8315
143,7,FROZEN,"BREAD & BAKED GOODS",BAGUETTES,,SEGMENT/BRAND,"I  ",8315
633,7,GROCERY,"BULK: TRAIL MIXES/MIXES/SALTY SNACKS","SEA VEGETABLE",SULFURED,SEGMENT/BRAND,"I  ",8315
717,7,GROCERY,"DIPS & SALSAS",RTU-DIPS,RANCH/CREAM,SEGMENT/BRAND,"I  ",8315
820,7,GROCERY,"SPECIALTY TEA, NON RTD",BLACK,"NON CHAI",BRAND/SEGMENT,"I  ",8315
157,7,FROZEN,BREAKFAST,"MUFFINS, SCONES, DONUTS & BUNS",,SEGMENT/BRAND,"I  ",8315
740,7,GROCERY,"ICE CREAM TOPPINGS",CONES,BOWL,SEGMENT/BRAND,"I  ",8315
391,7,GROCERY,"TOMATOES & TOMATO PRODUCTS",ASEPTIC,,BRAND/SEGMENT,"I  ",8315
607,7,GROCERY,"BEVERAGES: NONDAIRY NUT, HEMP, RICE, SOY","MULTI SERVE",OTHER,SEGMENT/BRAND,"I  ",8315
851,7,GROCERY,"VINEGARS & COOKING WINES",VINEGAR,RICE,SEGMENT/BRAND,"I  ",8315
102,7,DAIRY/PERISHABLE,EGGS,"LIQUID EGG",,SEGMENT/BRAND,"I  ",8315
418,7,"GROCERY/NON FOOD","PET SUPPLIES & SUPPLEMENTS",BEDDING,,BRAND/SEGMENT,"I  ",8315
658,7,GROCERY,"CEREALS: COLD",BISCUITS,CUP,BRAND/SEGMENT,"I  ",8315
639,7,GROCERY,CANDY,CHOCOLATE,DROPS,SEGMENT/BRAND,"I  ",8315
841,7,GROCERY,TORTILLAS,HARD/CRISPY,"SALAD BOWLS",BRAND/SEGMENT,"I  ",8315
311,7,GROCERY,MUSTARDS,DIJON/BROWN,,BRAND/SEGMENT,"I  ",8315
166,7,FROZEN,DESSERTS,TOPPINGS,,BRAND/SEGMENT,"I  ",8315
347,7,GROCERY,"PREPARED SAUCE: BBQ, MARINADES, STEAK, WING, HOT, SEAFOOD, SPECIALTY",COOKING/SIMMER,,SEGMENT/BRAND,"I  ",8315
839,7,GROCERY,"TOMATOES & TOMATO PRODUCTS",CAN,">16 OZ+ - 30 OZ",BRAND/SEGMENT,"I  ",8315
149,7,FROZEN,"BREAD & BAKED GOODS","OTHER BAKED GOODS",,SEGMENT/BRAND,"I  ",8315
454,7,DAIRY/PERISHABLE,"NON-DAIRY BEVERAGES","128 OUNCES OR LESS",ALMOND,SEGMENT/BRAND,"I  ",8315
683,7,GROCERY,"CEREALS: HOT",GRAIN,REGULAR,BRAND/SEGMENT,"I  ",8315
212,7,GROCERY,"BEVERAGES: JUICE",CONCENTRATES,,SEGMENT/BRAND,"I  ",8315
811,7,GROCERY,"SOUPS: RTS, MIXES, BROTHS, BOUILLONS, STOCKS & DRY",RAMEN,BOWL,SEGMENT/BRAND,"I  ",8315
315,7,GROCERY,MUSTARDS,"STONE GROUND/WHOLE GRAIN",,BRAND/SEGMENT,"I  ",8315
879,7,"GROCERY/NON FOOD","TRASH, FOOD STORAGE & WRAPS",WRAPS,WAX,SEGMENT/BRAND,"I  ",8315
412,7,"GROCERY/NON FOOD","PET FOOD & TREATS",BIRD,,SEGMENT/BRAND,"I  ",8315
492,7,DAIRY/PERISHABLE,"YOGURT AND CULTURED BEVERAGES","NON DAIRY YOGURT","MULTI SERVE",SEGMENT/BRAND,"I  ",8315
837,7,GROCERY,"SWEETENERS: DRY & LIQUID","SUGAR SUBSTITUTE",SUCRALOSE,SEGMENT/BRAND,"I  ",8315
675,7,GROCERY,"CEREALS: COLD",OTHER,BOX,BRAND/SEGMENT,"I  ",8315
536,7,GROCERY,ASIAN,MEALS,"SOUP STARTER",SEGMENT/BRAND,"I  ",8315
374,7,GROCERY,"SEASONINGS & SPICES","SALT SUBSTITUTE",,BRAND/SEGMENT,"I  ",8315
597,7,GROCERY,"BATTERS & COATINGS",BREADCRUMBS,TRADITIONAL,SEGMENT/BRAND,"I  ",8315
401,7,"GROCERY/NON FOOD","BABY PRODUCTS",TOYS,,SEGMENT/BRAND,"I  ",8315
477,7,DAIRY/PERISHABLE,"YOGURT AND CULTURED BEVERAGES","CULTURED BEVERAGE","M/S KEFIR",SEGMENT/BRAND,"I  ",8315
532,7,GROCERY,ASIAN,"COOKING INGREDIENTS",WRAP,SEGMENT/BRAND,"I  ",8315
757,7,GROCERY,"NON-DAIRY BEVERAGES","MULTI-SERVE (APPROX 32 OZ)",ALMOND,SEGMENT/BRAND,"I  ",8315
124,7,DAIRY/PERISHABLE,"MILK AND CREAM","SINGLE SERVE (20OZ OR UNDER)",,SEGMENT/BRAND,"I  ",8315
164,7,FROZEN,DESSERTS,PIES,,BRAND/SEGMENT,"I  ",8315
576,7,GROCERY,"BAKING & CAKE DECORATING",INGREDIENTS,STARCH,SEGMENT/BRAND,"I  ",8315
176,7,FROZEN,"MEAT ALTERNATIVES","NON-BREADED CHUNKS, TIPS AND STRIPS",,BRAND/SEGMENT,"I  ",8315
738,7,GROCERY,"HONEY & SYRUPS","SYRUP: TABLE","NON-MAPLE FLAVORED",SEGMENT/BRAND,"I  ",8315
593,7,GROCERY,"BAKING & CAKE DECORATING","PIE SHELLS",RTU,SEGMENT/BRAND,"I  ",8315
450,7,DAIRY/PERISHABLE,DESSERTS,"READY TO SERVE",TARTS,SEGMENT/BRAND,"I  ",8315
673,7,GROCERY,"CEREALS: COLD",O'S,CUP,BRAND/SEGMENT,"I  ",8315
704,7,GROCERY,"COCKTAIL/DRINK MIXERS & ADDITIVES",MIXERS,RTU-OTHER,SEGMENT/BRAND,"I  ",8315
227,7,GROCERY,"BULK: TRAIL MIXES/MIXES/SALTY SNACKS","SALTY SNACKS",,SEGMENT/BRAND,"I  ",8315
612,7,GROCERY,"BEVERAGES: NONDAIRY NUT, HEMP, RICE, SOY","SINGLE SERVE",RICE,SEGMENT/BRAND,"I  ",8315
601,7,GROCERY,"BEVERAGES: JUICE","NON APPLE","SINGLE VEGETABLE",SEGMENT/BRAND,"I  ",8315
88,7,DAIRY/PERISHABLE,"CHEESE ALTERNATIVES",OTHER,,SEGMENT/BRAND,"I  ",8315
719,7,GROCERY,"ENTREES & MIXES, MAC & CHEESE",BOX,"MACARONI & CHEESE",BRAND/SEGMENT,"I  ",8315
490,7,DAIRY/PERISHABLE,"YOGURT AND CULTURED BEVERAGES","NON DAIRY GREEK YOGURT","SINGLE SERVE",SEGMENT/BRAND,"I  ",8315
